Burkholderia,19.6938905189,138.389313819,7,-1.70566848071,7.21079410883
Acidovorax,26.0087861678,223.800767319,7,-1.58487991589,15.4003529883
Pseudomonas,18.7703726033,191.904102157,7,-1.72652710628,9.53029122794
Streptomyces,12.0327904818,204.389024942,7,-1.91963364528,6.50688223243
Rhodobacter,10.5837954971,172.92702482,7,-1.97535856029,4.84231825295
Rhodopseudomonas,11.2308952202,147.751207935,7,-1.94958562453,4.3903024053
Rhizobium,8.02624502117,160.65443998,7,-2.09548758648,3.41156905239
Cupriavidus,8.04018653601,96.1833301837,7,-2.0947338753,2.04604393152
Mesorhizobium,9.19624057712,275.455200346,7,-2.03638967595,6.70209099398
Mycobacterium,22.8028829761,302.714761915,7,-1.64201024153,18.2630109019
Dechloromonas,13.8145103264,356.656194839,7,-1.85966450462,13.0356978987
Bradyrhizobium,10.5251745639,134.169117768,7,-1.9777706925,3.73620667136
Geobacter,8.65405968692,197.520070704,7,-2.0627801138,4.5225162768
Sinorhizobium,6.39180508636,166.320655243,7,-2.194376477,2.81266967152
Ruegeria,5.02104955547,200.306100813,7,-2.29920549232,2.66095606933
Methylobacterium,7.96519621965,196.092589265,7,-2.09880352105,4.13244117438
Ralstonia,5.83685765064,96.9046615283,7,-2.23382089814,1.49648645684
Xanthomonas,13.6117820804,250.689638741,7,-1.86608501241,9.02818380045
Albidiferax,6.47829532558,243.540230248,7,-2.18853925772,4.17426940328
Bacteroides,12.1288586483,191.590903169,7,-1.91618006526,6.14814129047
Bacillus,5.58673053439,169.334593729,7,-2.25284227553,2.50295150172
Shewanella,5.21073340783,120.321409056,7,-2.28310114569,1.65878761263
Rhodopirellula,4.61307990932,116.972365397,7,-2.33600902233,1.42765499747
Roseobacter,4.11977776229,181.867958915,7,-2.38512621096,1.98234391409
Brucella,3.5065460085,237.47131841,7,-2.45512045846,2.2031279741
Aromatoleum,5.24132893282,159.037948111,7,-2.2805585842,2.20541944647
Planctomyces,5.47243878629,76.7223425769,7,-2.26181908767,1.11084070931
Variovorax,6.73436455354,143.258616498,7,-2.17170337751,2.5525037876
Polaromonas,11.6334915088,260.815339974,7,-1.93428992281,8.02772022145
Frankia,5.15101151693,195.364214843,7,-2.2881074791,2.66248124497
Bordetella,5.55499376409,106.614683817,7,-2.25531642425,1.56693008486
Candidatus Accumulibacter,11.6490650108,759.3779081,7,-1.93370893103,23.4044288576
Sorangium,4.83337832129,311.798472582,7,-2.31574921015,3.98725299759
Sphingomonas,5.40309562501,156.521709126,7,-2.26735734617,2.23751654505
Clostridium,5.72335561357,146.787603108,7,-2.24234926891,2.22274237989
Candidatus Solibacter,4.3089090452,340.90632398,7,-2.36563267314,3.88643496377
Verminephrobacter,5.32744507826,157.993712589,7,-2.27348101882,2.22693635682
Anaeromyxobacter,4.65794002443,241.516255679,7,-2.33180610774,2.97638617969
Comamonas,4.88808285931,231.943550314,7,-2.31086144085,2.99964513488
Agrobacterium,4.31839264236,140.739054287,7,-2.36467787273,1.607999005
unclassified (derived from Gammaproteobacteria),3.62798837665,180.83655152,7,-2.440334113,1.73580575382
Desulfovibrio,3.90554282667,120.066383664,7,-2.40831859553,1.2406573552
Vibrio,3.16794704573,158.082174984,7,-2.49922208653,1.32498156569
Azoarcus,5.09199398737,170.211538807,7,-2.29311211783,2.29311534305
Nitrobacter,5.26907301824,226.570474901,7,-2.27826578298,3.15854124205
Delftia,5.36890463329,212.339883546,7,-2.27011431025,3.01624270537
Roseovarius,2.16951099351,252.283899797,7,-2.66363814484,1.44810619299
Caulobacter,6.21479326067,217.239166646,7,-2.20657331388,3.5720196083
Leptothrix,6.45203218459,227.606917463,7,-2.19030347489,3.88535765073
Rhodococcus,5.11899282631,213.638430689,7,-2.29081547906,2.89342960044
Erythrobacter,3.43589907676,202.37878302,7,-2.46395960126,1.83973130648
Magnetospirillum,4.14989863362,105.88073762,7,-2.38196251134,1.16252812038
Nitrosomonas,12.5397540801,478.726856477,7,-1.90171098047,15.8827548101
Chlorobium,3.22832601366,113.666065291,7,-2.49102261435,0.970861394795
Synechococcus,3.09331627801,137.571220321,7,-2.50957567302,1.12590289721
Nitrosococcus,3.0680373472,147.467911956,7,-2.51313935803,1.19703594836
Myxococcus,4.37714268323,295.342095171,7,-2.35880929631,3.42030688925
Pirellula,2.94074042897,102.793372798,7,-2.53154330777,0.799780531783
Paracoccus,4.15263755199,253.47381623,7,-2.38167597307,2.7848778467
Chloroflexus,2.74502059162,174.385389186,7,-2.56145439337,1.2664986219
Flavobacterium,13.1171733338,275.571927425,7,-1.88215974254,9.56366271462
Verrucomicrobium,3.42464695422,257.006292627,7,-2.46538419315,2.32867340746
Achromobacter,3.37503986724,100.001372602,7,-2.47172109275,0.892963872039
Xanthobacter,3.72115602303,170.503193067,7,-2.42932212022,1.67864714579
Sphingopyxis,3.38407631317,158.43514124,7,-2.47055985189,1.41853705025
Cyanothece,1.98959710443,204.734432708,7,-2.70123485979,1.07771778456
Chthoniobacter,3.08134973281,114.913440779,7,-2.51125900652,0.936830113212
Thauera,3.94235631746,215.899709021,7,-2.40424412594,2.25194070496
Arthrobacter,3.50854837963,165.748846432,7,-2.45487253058,1.53860452
Ochrobactrum,2.25878101348,208.798249138,7,-2.64612587145,1.247814423
Roseiflexus,4.18398621807,219.447258922,7,-2.37840975469,2.42923441882
Marinobacter,2.66758573345,102.916363897,7,-2.5738816139,0.726359866267
Alicycliphilus,4.4385296497,158.801161178,7,-2.35276087466,1.86484104361
Spirosoma,5.71701103692,173.17014008,7,-2.24283096936,2.61933507723
Escherichia,2.02411274924,133.182239578,7,-2.69376529963,0.713230709108
Thiobacillus,2.44953946313,105.07894051,7,-2.61091555948,0.681003189202
Rhodospirillum,3.62026160238,160.23730867,7,-2.44126004594,1.5348029174
Chelativorans,3.08370145962,271.207851131,7,-2.51092767365,2.21270544222
Herpetosiphon,1.98893090784,175.476147693,7,-2.70138030328,0.923393489755
Gemmatimonas,4.09851847049,338.76208432,7,-2.38737310337,3.67342107218
Novosphingobium,4.16417389394,305.335744193,7,-2.38047114285,3.36399642202
Parvibaculum,3.65804926888,215.154732266,7,-2.43675044947,2.08232960309
Sphingobium,3.17332915144,244.115553465,7,-2.49848487866,2.04955507051
Candidatus Koribacter,2.63908209132,415.424519591,7,-2.5785471004,2.90064143124
Pelobacter,2.42698658085,165.973873634,7,-2.61493262494,1.06575192339
Cytophaga,6.7241098801,243.525856571,7,-2.17236519828,4.33240353304
Oceanicola,1.6229120912,189.24080994,7,-2.78970500411,0.812566313852
Dinoroseobacter,1.57892317019,234.279553896,7,-2.80163900208,0.978688322222
Blastopirellula,2.40747367853,84.4940973855,7,-2.61843845242,0.538191629037
Acinetobacter,6.26220390188,391.112974885,7,-2.20327279555,6.48005136013
Pedobacter,8.0204589188,257.43180165,7,-2.09580078132,5.46273879416
Nitrosospira,2.38927594982,131.13274375,7,-2.62173368844,0.828946457271
Jannaschia,0.788347611149,453.148435303,7,-3.10328224404,0.945164193933
Corynebacterium,2.995091694,215.346423727,7,-2.52358987725,1.70646272625
Anabaena,1.54982206705,202.383930243,7,-2.80971815972,0.829863925064
Nocardioides,5.07487871188,270.58569508,7,-2.2945743328,3.63311814142
Labrenzia,1.79726681064,136.358819141,7,-2.74538744555,0.648402687237
Stigmatella,2.17801230748,248.556631593,7,-2.66193967047,1.43230234949
Gramella,3.66652453247,236.634547717,7,-2.43574540482,2.29552361768
Stenotrophomonas,5.45376201777,309.942464915,7,-2.263303817,4.47225219183
Neisseria,1.61058453356,146.563785368,7,-2.79301647575,0.624538502294
Opitutus,2.77653834259,119.343851289,7,-2.55649632476,0.876703507123
Dyadobacter,5.40795166255,202.318989417,7,-2.26696719887,2.89479936163
Acidobacterium,1.62187735464,255.61323664,7,-2.78998198996,1.09685790506
Paenibacillus,1.89051329594,140.657999973,7,-2.72342026391,0.703547127095
Janthinobacterium,2.18061204138,115.171988223,7,-2.66142159406,0.664468335738
Congregibacter,1.3088694552,181.895421685,7,-2.88310366721,0.629893491282
Nostoc,1.41259652233,173.656370129,7,-2.84998186727,0.649019688469
Yersinia,1.50363961944,118.955269651,7,-2.82285623957,0.473234574044
Prevotella,3.3464723595,206.94104331,7,-2.47541275774,1.83224226333
Geobacillus,1.35891929083,177.523285774,7,-2.8668063362,0.63826056372
Curvibacter,1.79549275765,474.282657865,7,-2.74581634232,2.25304529416
Chromobacterium,1.77626885853,98.0296560128,7,-2.75049129816,0.460696805182
Deinococcus,1.97763079233,142.750714206,7,-2.70385478444,0.746917311549
Gemmata,2.41775897989,264.857468582,7,-2.61658699501,1.69423733917
unclassified (derived from Bacteria),3.22207539227,99.679414926,7,-2.49186430189,0.849748092439
Chitinophaga,14.4451995125,335.882105635,7,-1.84027645544,12.8368785297
Sphaerobacter,1.60892233245,241.624684157,7,-2.7934649201,1.02854997803
Hyphomicrobium,6.49899819413,433.914605022,7,-2.18715358371,7.46104577501
Salinispora,1.68071093057,204.102422285,7,-2.77450697547,0.907591047798
Methylococcus,2.12983779448,118.367298184,7,-2.67165347057,0.667002227209
Sideroxydans,1.41372733084,119.773544157,7,-2.84963434594,0.44799748383
Methylotenera,1.35471963372,124.553270193,7,-2.868150575,0.446430214013
Alkalilimnicola,1.43098282332,120.558895921,7,-2.84436557923,0.456438955458
Parabacteroides,4.27263009773,328.060442908,7,-2.36930470453,3.70849913772
Methylobacillus,1.71598604686,62.9586584809,7,-2.76548624784,0.285836863507
Haliangium,3.54636464327,441.863779674,7,-2.45021661154,4.14591898784
Propionibacterium,1.87494582844,203.941373636,7,-2.72701127553,1.01167981398
unclassified (derived from Rhodobacteraceae),0.88760503736,215.261697861,7,-3.05178024171,0.505516737726
Syntrophobacter,1.51859812134,211.140312261,7,-2.81855714172,0.848326508006
Gallionella,1.20957265966,141.067465834,7,-2.91736803822,0.451448117548
Pseudoalteromonas,1.53611926686,84.4113722302,7,-2.81357506365,0.343063818121
Octadecabacter,0.791010732955,231.53585504,7,-3.10181762367,0.484562331857
Azorhizobium,2.05841561868,176.318195916,7,-2.68646693148,0.960238737364
Hahella,1.48054730459,89.5784202445,7,-2.82957771202,0.350893002156
Gloeobacter,1.32630709544,257.12978744,7,-2.87735590699,0.90228866966
Xylella,2.42995644367,214.104420076,7,-2.61440151095,1.37649025857
Streptosporangium,1.34945578929,172.918181801,7,-2.86984133918,0.617374007791
Legionella,1.43932258766,83.1031499962,7,-2.84184185906,0.316464243168
Salmonella,1.1687216628,112.62000025,7,-2.93228890603,0.348237581455
Azotobacter,1.60500404113,298.752284721,7,-2.79452386978,1.26863411383
Micromonospora,1.36325465565,174.534449207,7,-2.86542301048,0.629516574821
Azospirillum,1.80048580827,161.543899467,7,-2.74461029746,0.769536607732
Hyphomonas,1.96402938221,188.421958059,7,-2.70685201938,0.979103297555
Allochromatium,1.42558989157,227.408664568,7,-2.84600539275,0.857730068864
Leptospira,1.99581330075,262.841991668,7,-2.69988008742,1.38791759656
Ktedonobacter,1.38073160848,192.006574781,7,-2.85989073292,0.701413931118
Maritimibacter,1.17596272999,152.424767355,7,-2.92960644222,0.474239930833
Kribbella,1.66661943914,194.301283264,7,-2.77816355695,0.856763846508
Herbaspirillum,1.29795210856,77.8276846402,7,-2.8867413317,0.267264821424
Nitrococcus,1.17758002403,162.334088544,7,-2.92900957013,0.505765471464
Anaerolinea,3.78711881166,340.252526938,7,-2.42169106973,3.40925361376
Thiomonas,1.42187753773,94.9303300641,7,-2.84713780654,0.357121670439
Meiothermus,1.39591273231,186.201627936,7,-2.85514173147,0.687686917087
Thermus,1.16698288165,197.209834899,7,-2.93293551453,0.60889453336
Herminiimonas,1.28919957028,97.9396692486,7,-2.88967984792,0.334062560176
Plesiocystis,1.36347826975,217.550912951,7,-2.86535177918,0.784798475933
Rhodothermus,1.66183142333,215.752455901,7,-2.77941303328,0.948618816005
Phenylobacterium,2.06260527224,160.724095142,7,-2.68558387648,0.877093985518
Magnetococcus,0.84814895035,141.77298352,7,-3.07152787105,0.318137327043
Isosphaera,1.24626214785,155.782968542,7,-2.90439059541,0.513663137244
Polynucleobacter,1.32928568394,103.298513367,7,-2.87638167246,0.363296671502
Aeromonas,1.35823052851,73.7753662343,7,-2.86702651226,0.265114744445
Microscilla,2.51372534346,213.046527351,7,-2.59968217627,1.41690686131
Desulfuromonas,0.835371623996,300.955451157,7,-3.07812028099,0.665167395184
unclassified (derived from Deltaproteobacteria),0.943292924201,157.188071181,7,-3.02535342327,0.392297175799
Acidiphilium,1.52247914287,140.243568151,7,-2.81744864825,0.564915283521
Serratia,0.998170755467,94.0622904645,7,-3.0007951583,0.248410192594
Oligotropha,1.8985206936,258.203042168,7,-2.72158466475,1.29695739603
Janibacter,2.22988079172,530.107774911,7,-2.65171835349,3.12748215568
Oscillochloris,1.00512146212,183.466099176,7,-2.99778145353,0.487891659194
Acidithiobacillus,1.06750892551,79.5873804937,7,-2.97162848512,0.224783663815
Starkeya,1.48517150988,151.558920838,7,-2.82822339046,0.595534785332
Maricaulis,1.33923833444,242.582097728,7,-2.8731421279,0.859539104141
Methanosarcina,1.00338726946,105.089506259,7,-2.99853141341,0.278982497733
Aurantimonas,1.30075189383,182.206841777,7,-2.88580553312,0.62705865613
Pelodictyon,1.0096832535,99.1047735897,7,-2.99581484684,0.264745597487
Robiginitalea,1.79127211784,195.716342708,7,-2.74683843408,0.927550742818
Methylovorus,0.63245698132,222.875031866,7,-3.19896900914,0.372942114753
Desulfotomaculum,1.01651412763,161.466323214,7,-2.99288658111,0.434254567303
Hoeflea,0.77674887817,173.187101918,7,-3.10971936531,0.355914104989
Salinibacter,1.23170902731,174.368583629,7,-2.90949187558,0.568231603425
Saccharophagus,1.12081051096,233.02433735,7,-2.95046780489,0.691007079402
Geodermatophilus,1.19279608393,130.266615089,7,-2.92343379539,0.411100829417
Rubrobacter,1.15088170279,188.481616656,7,-2.93896931448,0.573916490602
Bifidobacterium,1.28984240807,256.216364662,7,-2.88946334822,0.87436454054
unclassified (derived from Alphaproteobacteria),1.26831948514,162.073264343,7,-2.89677133545,0.543862436461
Lactobacillus,1.3411528108,220.062209369,7,-2.87252173587,0.780859238689
Pelagibaca,0.705175209952,183.951362363,7,-3.15170296349,0.343201411347
Photobacterium,0.877085949892,105.29583383,7,-3.05695784593,0.244344384272
Streptococcus,1.32058594394,274.333922732,7,-2.87923332959,0.958506812611
Actinomyces,1.05318978302,173.341191787,7,-2.97749336263,0.483011460607
Maribacter,2.16074681686,216.388741857,7,-2.66539611812,1.23705088324
Lutiella,0.954827873726,95.5029930062,7,-3.02007491138,0.241263203974
Methylocella,1.63278095003,234.013796681,7,-2.78707207526,1.01092376811
Symbiobacterium,0.983966933649,164.665733307,7,-3.00701949585,0.42867954067
Catenulispora,1.10907229064,194.678755482,7,-2.9550401451,0.571251608815
Saccharopolyspora,1.33694683582,191.096988231,7,-2.87388586227,0.675953778713
Nocardia,1.19256290285,196.955826265,7,-2.92351870441,0.621439920091
Nakamurella,2.61928342549,519.837379503,7,-2.58181750522,3.60245877408
Clavibacter,1.67389871727,160.712270623,7,-2.77627082344,0.71174960309
Polaribacter,2.05725630968,234.203589777,7,-2.686711597,1.27476746421
Pectobacterium,0.744457969242,114.967713346,7,-3.12815981671,0.22644623111
Methylobacter,0.898164788933,124.128209281,7,-3.04664397474,0.29496842918
Klebsiella,0.853617513533,96.2441170126,7,-3.06873668314,0.21736345536
Phaeobacter,0.39263742408,299.21521623,7,-3.40600830816,0.310831044015
Intrasporangium,2.05808935801,394.575312173,7,-2.68653577299,2.14853857679
Kineococcus,1.43948761769,280.12317891,7,-2.84179206652,1.06685648061
Gluconacetobacter,1.00733193238,133.096717505,7,-2.99682739871,0.354722687482
Arthrospira,0.528575211611,224.63250931,7,-3.27689320767,0.31414374795
Microcystis,0.587919032371,182.62527004,7,-3.23068248041,0.28407133399
Sagittula,0.586131581263,192.753370126,7,-3.23200487784,0.298913907771
Alcanivorax,1.15466011301,167.359732118,7,-2.93754583635,0.511274527107
Zymomonas,0.933647318841,144.082575695,7,-3.02981714562,0.355912579346
Bartonella,0.891834757585,189.686060881,7,-3.04971560584,0.447578103773
Desulfitobacterium,0.868471246104,126.899635798,7,-3.06124455588,0.291584772385
Rhodomicrobium,1.15604443626,229.806642369,7,-2.9370254721,0.702887994238
Ketogulonicigenium,0.763237877279,199.165168234,7,-3.117340085,0.402181715706
Conexibacter,1.80439091261,282.790751448,7,-2.74366936879,1.350034457
Cellvibrio,1.73641563711,403.768483673,7,-2.76034631182,1.85496246046
Thermomonospora,0.984454460163,182.045935193,7,-3.00680436907,0.474160789317
Bdellovibrio,2.64487788202,456.224870762,7,-2.57759437519,3.19251981621
Chlorobaculum,0.955354125391,105.832094056,7,-3.01983561669,0.267504315551
Syntrophus,1.43605984851,236.964084111,7,-2.84282746028,0.900334901905
Chromohalobacter,0.821925033577,92.2759195687,7,-3.08516779193,0.200664066879
unclassified (derived from Rhodobacterales),0.563796066546,242.680900085,7,-3.24887795841,0.361998406371
Moorella,0.662645382785,188.62227818,7,-3.17871882378,0.330691614297
Marinomonas,0.719167412338,179.668076939,7,-3.14317000003,0.34186129967
Enterobacter,0.800424229617,113.855785586,7,-3.09667977332,0.241115067614
Thermomicrobium,0.776826998152,241.120554727,7,-3.1096756892,0.495572917819
Sphingobacterium,3.00517437073,273.848374326,7,-2.52213032364,2.17735309734
Cellulomonas,0.967494388511,130.456248325,7,-3.01435154522,0.333935322534
Desulfococcus,0.804861081357,131.55006282,7,-3.09427907219,0.280130894237
Porphyromonas,1.6019393645,193.559229944,7,-2.79535392656,0.820368505376
Laribacter,0.790748185593,95.5185765556,7,-3.10196179592,0.199836615596
unclassified (derived from Flavobacteriales),2.78894514868,415.225807268,7,-2.5545600271,3.06389114185
Beutenbergia,0.952762710154,167.992678076,7,-3.02101524889,0.42347143893
Acidothermus,1.00715438182,192.797350907,7,-2.99690395344,0.513743250056
Kytococcus,1.02614104532,263.091054094,7,-2.9887929404,0.714269590245
Oceanibulbus,0.413983352658,222.862109524,7,-3.38301712263,0.244100199541
Halorhodospira,0.733670159902,96.279862524,7,-3.13449914435,0.1868896872
Leeuwenhoekiella,1.7096955756,198.579856655,7,-2.76708121219,0.898261944101
Caldicellulosiruptor,0.664053090633,141.864892132,7,-3.17779719767,0.249245171968
Acaryochloris,0.602614585847,169.356677341,7,-3.21996036075,0.270016922923
Thermobispora,0.859373522307,172.221764089,7,-3.06581803126,0.391578665701
Thermobifida,1.0691074897,189.320785245,7,-2.97097862797,0.535511361293
Psychrobacter,1.0416378716,170.562244004,7,-2.98228323852,0.470055006507
Amycolatopsis,0.826873889105,188.843728018,7,-3.08256072194,0.413133929165
Beijerinckia,0.943625257285,145.170003486,7,-3.02520044321,0.362431105757
Dickeya,0.609962353412,117.114489192,7,-3.21469696861,0.189000381113
Methylosinus,0.864733262702,146.677270969,7,-3.0631178352,0.335578405238
Thermobaculum,0.915805909033,229.279772897,7,-3.03819655861,0.555543670993
Colwellia,0.615497675461,107.306419263,7,-3.21077358292,0.174743544261
Capnocytophaga,1.85832346179,224.92627809,7,-2.73087869,1.10588642477
Methylibium,6.11604074139,308.102749914,7,-2.21352963024,4.98557167559
Xylanimonas,0.787071366298,160.116986271,7,-3.10398588697,0.333426827524
Chloroherpeton,0.974880209543,188.574762473,7,-3.01104874587,0.486389110836
Loktanella,0.747946400234,213.710832855,7,-3.12612952368,0.422908129042
Haemophilus,0.812170400637,160.511578066,7,-3.09035284232,0.344907423777
Desulfatibacillum,0.75849178026,176.222919048,7,-3.12004912128,0.353640739108
Terriglobus,0.687625082234,274.719143179,7,-3.1626482901,0.49979240619
Afipia,0.833771514399,159.984331774,7,-3.07895294652,0.35291776902
Citreicella,0.52587836983,272.945393612,7,-3.27911469201,0.37976076826
Citromicrobium,0.521041994407,207.496518857,7,-3.28312727247,0.286043815592
Pantoea,0.579964303483,131.056643249,7,-3.23659873623,0.201098728178
Shigella,0.566014315702,134.682300686,7,-3.24717258444,0.201691205665
Beggiatoa,0.419536196356,271.271241648,7,-3.37723056356,0.301107942754
Brevibacterium,0.775195292262,179.301746281,7,-3.11058887341,0.367743212755
Microcoleus,0.485083670274,214.136093268,7,-3.3141833451,0.274824565476
Staphylococcus,0.750803278835,197.180219954,7,-3.12447383944,0.391686431489
Akkermansia,0.569914697927,182.78865976,7,-3.24419014256,0.275618348418
Thermoanaerobacter,0.5371775117,159.009896949,7,-3.26988217685,0.225990924752
Dokdonia,1.35754348477,203.982000645,7,-2.86724625022,0.732646732061
Thermotoga,0.699238105175,152.120230258,7,-3.15537491273,0.281423967489
Actinosynnema,0.816205019003,172.374194551,7,-3.08820073899,0.372237849815
Pelotomaculum,0.643581577568,215.9305697,7,-3.19139639601,0.367677246452
Stackebrandtia,0.689996268676,170.240249954,7,-3.16115325781,0.310783540875
Kordia,1.06516593812,185.340969717,7,-2.97258272988,0.522321281439
Croceibacter,1.68230372956,227.644881375,7,-2.77409559227,1.01323764613
Listeria,0.589353077338,201.612926913,7,-3.22962444444,0.314371342791
Coraliomargarita,0.59253437597,90.8572364136,7,-3.22728644893,0.142436762514
Desulfobacterium,0.596918025227,130.26626127,7,-3.22408530645,0.205729069751
Marivirga,2.39227603204,236.382082782,7,-2.62118871086,1.4961490601
Photorhabdus,0.489394709449,131.009020887,7,-3.31034072985,0.169632667329
Alkaliphilus,0.761486665422,134.169514616,7,-3.1183376973,0.270311903849
Caldanaerobacter,0.533997114672,125.850780001,7,-3.27246108957,0.177804947816
Roseibium,0.490737611867,138.613565676,7,-3.30915065488,0.179971650908
Synechocystis,0.674254956663,147.676715967,7,-3.17117585223,0.263442108544
Zunongwangia,1.60289620012,228.862744451,7,-2.79509460065,0.970575939343
Xenopus,0.548883980813,180.655382411,7,-3.26051944392,0.262349645361
Leifsonia,1.42470953141,166.922497512,7,-2.84627367023,0.629202187497
Prochlorococcus,0.644298011888,174.220497268,7,-3.19091320876,0.29698537306
Truepera,1.13268125923,448.491773934,7,-2.94589228505,1.34403697578
Carboxydothermus,0.559475733722,143.425367628,7,-3.25221874549,0.212303056288
unclassified (derived from unclassified sequences),0.971150768071,152.375676179,7,-3.01271334202,0.391517630687
Granulibacter,1.08676166709,177.850033746,7,-2.96386568868,0.511372398648
Psychromonas,0.572733935691,103.956092756,7,-3.24204708326,0.157525869214
Lentisphaera,0.419076687663,147.210229398,7,-3.37770649736,0.163222682902
Sulfitobacter,0.5907252081,157.549691278,7,-3.22861449604,0.246236302119
Limnobacter,0.328853750549,342.961026913,7,-3.48299720068,0.298398468763
unclassified (derived from Verrucomicrobiales),0.602295429815,103.95834142,7,-3.22019043222,0.165660104057
Gordonia,1.46422096917,369.791281182,7,-2.83439337789,1.43255831378
Algoriphagus,2.21591533712,195.135258254,7,-2.6544468366,1.14403136394
Desulfomicrobium,0.616180488357,99.2233723999,7,-3.21029205794,0.161759928321
Idiomarina,0.649288298752,67.0475384594,7,-3.18756242376,0.115177973832
Campylobacter,0.702237366626,206.155767179,7,-3.15351606509,0.383026166205
Ruminococcus,0.949393033527,395.297441055,7,-3.02255395938,0.992930985605
Mucilaginibacter,2.31703462261,267.686026757,7,-2.63506747666,1.64099495132
Brevundimonas,2.23948137205,316.386438205,7,-2.64985254565,1.87462469445
Methylocystis,0.732502173026,131.108672152,7,-3.1351910826,0.254091043238
Oxalobacter,0.546344092016,66.8834533523,7,-3.26253374888,0.0966794029653
Spirochaeta,0.654454332592,140.558276019,7,-3.18412065285,0.243379945183
Leadbetterella,2.87281856071,301.042441588,7,-2.54169180198,2.28815239398
Trichodesmium,0.530841764723,162.234741791,7,-3.27503491573,0.227854686833
Alteromonas,0.515406015319,100.392951437,7,-3.28785051709,0.136899456857
Roseomonas,1.36998340465,325.534099685,7,-2.86328469366,1.17994241804
Nocardiopsis,0.657510706374,181.30882025,7,-3.18209717108,0.315406602968
Thermaerobacter,0.597348989377,252.152628097,7,-3.22377186673,0.398511310768
Citrobacter,0.463700682908,104.700805365,7,-3.3337622645,0.128450789467
Pseudoxanthomonas,2.80626998386,356.300859695,7,-2.55187054897,2.6454243168
Erwinia,0.410870870565,155.591221631,7,-3.38629464774,0.169137327048
Fusobacterium,0.632372259408,183.866721612,7,-3.19902718974,0.307627363096
Asticcacaulis,0.749507854571,100.143274686,7,-3.12522381154,0.198585254222
Ricinus,0.470250122757,149.564985366,7,-3.32767108241,0.186083501893
Teredinibacter,0.617452602018,239.741051126,7,-3.20939637487,0.391647221893
Pseudovibrio,0.451033459474,218.271181516,7,-3.34579123922,0.260467882917
Eubacterium,1.13546061592,352.301799181,7,-2.94482792493,1.05836618639
Sanguibacter,0.668796833478,174.108900046,7,-3.1747057918,0.308080492603
Thioalkalivibrio,1.71419269139,248.763085359,7,-2.76594036088,1.1282220771
Fulvimarina,0.420143556538,177.787539483,7,-3.37660229255,0.197627804941
Gluconobacter,0.56231321224,101.607625135,7,-3.25002171209,0.151165821546
Desulfurivibrio,0.45950596843,122.703839828,7,-3.33770884328,0.149175784436
Enterococcus,0.572518689579,217.595519407,7,-3.24221033144,0.329601088264
Actinobacillus,0.533971520143,131.080235711,7,-3.27248190585,0.185184369753
Dehalococcoides,0.607570809063,151.310897987,7,-3.21640310013,0.243229433651
Arabidopsis,0.530172529699,256.558378706,7,-3.27558277851,0.359875634794
Oceanicaulis,0.607912674787,155.469521471,7,-3.21615880162,0.250054963878
Coxiella,0.450481449623,95.0502788357,7,-3.34632308813,0.113286804593
Thalassobium,0.258552912581,222.881145421,7,-3.58745056557,0.152465571299
Alicyclobacillus,0.432593238382,160.93343027,7,-3.36392027305,0.184193803217
Alistipes,1.11323027976,203.878790078,7,-2.95341498941,0.600490413051
Chryseobacterium,2.4258574648,249.118938919,7,-2.6151347204,1.59889905205
Cronobacter,0.334659650224,156.93621791,7,-3.47539664719,0.138955440376
Helicobacter,0.575918389275,196.042172098,7,-3.23963905407,0.298716678543
Hirschia,0.575287932617,120.74826698,7,-3.24011473575,0.183787170061
Candidatus Kuenenia,0.506900153404,182.749294741,7,-3.29507757735,0.245090880636
Psychroflexus,0.930562655406,232.246416136,7,-3.03125438021,0.571799354545
unclassified (derived from Actinobacteria (class)),0.770513130749,305.517178145,7,-3.11321995583,0.622823080582
Saccharomonospora,0.535559114687,195.668624774,7,-3.27119258503,0.277253876857
Parvularcula,0.601013008434,132.883052462,7,-3.22111612795,0.211301455119
unclassified (derived from other sequences),0.503438389402,252.116666341,7,-3.29805367065,0.335812536648
Desulfotalea,0.48977061899,100.741038823,7,-3.31000727146,0.13054137218
Reinekea,0.469373537483,76.3337587943,7,-3.32848139886,0.0947947464728
Syntrophomonas,0.378075617662,124.747425978,7,-3.42242132966,0.124784109344
Desulfonatronospira,0.276661944882,168.606320645,7,-3.55805057438,0.12341623597
unclassified (derived from Flavobacteriaceae),1.19332608073,475.554474418,7,-2.92324086755,1.5014415313
Heliobacterium,0.42827202803,198.71548287,7,-3.36828028999,0.225164767927
Desulfarculus,0.403145359095,182.126831775,7,-3.39453833532,0.19426055156
Crocosphaera,0.218086437961,246.214205439,7,-3.66137134085,0.142066206943
Kangiella,0.531071202019,62.9895120955,7,-3.27484724809,0.0885054503585
Oscillatoria,0.348323630954,208.449345341,7,-3.45801706116,0.192102268928
Desulfobulbus,0.436789443707,147.057294888,7,-3.35972786617,0.169944739822
Thermosynechococcus,0.40704239069,155.262880872,7,-3.39036035961,0.167207710589
Micrococcus,0.511462041514,171.116527039,7,-3.2911865922,0.231555118288
Tsukamurella,0.699226595689,287.453343641,7,-3.15538206129,0.531782845338
Prosthecochloris,0.467368647349,129.233584176,7,-3.33034042489,0.15980265274
Methylacidiphilum,0.419461141883,85.5965951924,7,-3.37730826522,0.0949942339153
Halothiobacillus,0.449457262903,82.3711934884,7,-3.3473115973,0.0979518812248
Rickettsia,0.560257741472,198.688164172,7,-3.2516121338,0.294515993077
Ahrensia,0.339993983299,140.445059083,7,-3.46852876838,0.126335882026
Lyngbya,0.312792265266,201.92796771,7,-3.50474399472,0.167109638474
Cellulophaga,1.0705770481,252.635520225,7,-2.97038207161,0.715585217139
Dictyoglomus,0.385317840704,141.105119657,7,-3.41418088214,0.143850345472
Edwardsiella,0.332456690946,121.175659923,7,-3.47826492212,0.106585834908
Leptospirillum,0.383749818447,179.290846965,7,-3.41595181698,0.182035177603
Selenomonas,0.353387975056,152.657257513,7,-3.45174823258,0.142730978604
Halomonas,0.460701096866,124.4267779,7,-3.33658075375,0.151663865658
Lautropia,0.630536361543,247.628553795,7,-3.20028986363,0.413104454186
Brevibacillus,0.40500478868,145.309436263,7,-3.39253984176,0.155705156779
Tolumonas,0.414638973891,88.325376005,7,-3.38232987892,0.0968957293356
Providencia,0.341762836172,111.870471631,7,-3.46627516491,0.101155458777
Rothia,0.332078205474,202.218673996,7,-3.47875962652,0.177668588371
Drosophila,0.555064101292,528.149955101,7,-3.25565685971,0.775620729222
Thermococcus,0.278009658142,196.949778355,7,-3.55594011629,0.144865310001
Neptuniibacter,0.386321854744,168.534990034,7,-3.41305072254,0.172261560513
Dermacoccus,0.410407086307,357.238759682,7,-3.38678514907,0.38790237958
unclassified (derived from Bacteroidetes),0.836229790936,224.047057028,7,-3.07767436464,0.495694270329
Brachybacterium,0.46875941838,194.781671749,7,-3.32904999327,0.241572289674
Oryza,0.310056767988,333.947660536,7,-3.50855878434,0.273948319742
Mobiluncus,0.315892897849,203.185504144,7,-3.50046013813,0.169817171423
Thermincola,0.347067696185,196.630043234,7,-3.45958580702,0.180556483425
unclassified (derived from Euryarchaeota),0.27143381843,163.182999104,7,-3.56633604377,0.117189280244
Populus,0.323745091695,240.521281758,7,-3.48979680721,0.206018263562
Nodularia,0.251627454861,185.96796083,7,-3.59924197513,0.123806992485
Aquifex,0.355462949865,103.058120527,7,-3.44920565937,0.0969227166732
Victivallis,0.267471403302,167.132282777,7,-3.57272264374,0.118273301868
Francisella,0.440671502902,113.797570972,7,-3.35588503329,0.132677408085
Ammonifex,0.275588092451,216.689042332,7,-3.55973955126,0.157996118937
Mariprofundus,0.340178972034,137.51285396,7,-3.46829253556,0.123765551109
Aliivibrio,0.336204646767,146.11804355,7,-3.47339628836,0.129974028583
Kitasatospora,0.326445082875,185.568927279,7,-3.48618986863,0.160274491839
Kocuria,0.38994557001,192.517110387,7,-3.40899600911,0.198619710865
Dehalogenimonas,0.348938938926,135.826892808,7,-3.45725056389,0.125396155561
Riemerella,1.11393352378,264.240741369,7,-2.95314072578,0.778767956197
Acetobacter,0.355707912735,134.142349677,7,-3.44890647381,0.126243334017
Paludibacter,1.47555806351,275.035982366,7,-2.83104369625,1.073729386
Renibacterium,0.448181151521,227.093569565,7,-3.34854641189,0.269282074848
Jonesia,0.432653032778,193.88003077,7,-3.36386024765,0.221932983912
Thiomicrospira,0.384284033289,79.6520757882,7,-3.41534765977,0.0809838572923
Oceanobacillus,0.253821498988,153.70331477,7,-3.59547159542,0.103219240273
Ferrimonas,0.303774405074,139.900980093,7,-3.517448821,0.112440030828
Thermosinus,0.297291844112,187.249267044,7,-3.52681700504,0.147282837101
Exiguobacterium,0.305278808528,131.083896521,7,-3.51530334198,0.105875389368
Mus,0.322538210836,458.01006979,7,-3.49141882747,0.390845592652
Denitrovibrio,0.308889344911,112.060767317,7,-3.51019707236,0.0915810333472
Treponema,0.579805600573,251.695080135,7,-3.23671759394,0.386105646218
Desulfurispirillum,0.283062813314,71.3930955015,7,-3.54811718126,0.0534672751197
Desulfohalobium,0.255917621269,121.19973272,7,-3.59189980963,0.0820636581243
Xenorhabdus,0.218772352252,123.984982027,7,-3.66000756361,0.071764644825
Thermodesulfovibrio,0.339371752044,112.027178196,7,-3.46932430946,0.100588448004
Arcobacter,0.573140424888,379.718555608,7,-3.24173895869,0.575800292991
Endoriftia,0.305499493031,303.975950203,7,-3.51498950612,0.245696369135
Oceanithermus,0.262898457192,193.03609269,7,-3.58021196252,0.134268944767
Bacteriovorax,0.387149883478,111.117649296,7,-3.41212086711,0.113818065054
Candidatus Puniceispirillum,0.273538296476,142.076782734,7,-3.56298186208,0.10282300029
Anoxybacillus,0.211335410959,144.454888916,7,-3.67502772729,0.0807706424657
Bermanella,0.287465151856,193.940196278,7,-3.54141479541,0.147503408271
Pyrococcus,0.218498332428,148.203407705,7,-3.6605518732,0.0856752413416
Dethiobacter,0.259848460335,170.4649467,7,-3.58527985213,0.117193697039
Acidimicrobium,0.658419390341,455.541986593,7,-3.18149738771,0.793560502392
Segniliparus,0.335103428358,228.369206731,7,-3.47482112899,0.202472215173
Hydra,0.47222388318,320.298170321,7,-3.32585205184,0.400176356683
Methanocaldococcus,0.217075572954,227.433532571,7,-3.66338904402,0.130621441742
Aggregatibacter,0.191695686297,186.309881035,7,-3.71738765988,0.0944924802709
Methanosphaerula,0.278588412602,266.801587921,7,-3.55503695126,0.196652955943
Proteus,0.264320426445,98.1493985755,7,-3.57786927368,0.0686384375765
Thermoanaerobacterium,0.226591139114,128.766318854,7,-3.6447570773,0.0771958979012
Methanospirillum,0.275850138315,284.446144788,7,-3.55932679394,0.207597575926
Sulfurihydrogenibium,0.269174986346,124.532386158,7,-3.5699653003,0.0886882385448
Halothermothrix,0.294591929091,116.049497102,7,-3.53077915566,0.0904509488655
Dethiosulfovibrio,0.191259129384,108.545709808,7,-3.71837782547,0.0549267442809
Deferribacter,0.267596320099,135.048361826,7,-3.57251986314,0.0956133373392
Methylophaga,0.236940238448,213.315906812,7,-3.62536117882,0.133724530833
Homo,0.259626143866,406.841863853,7,-3.58565157703,0.27946220298
unclassified (derived from Siphoviridae),0.296633719168,199.572396395,7,-3.52777948306,0.156628218824
Veillonella,0.253514385918,115.86163374,7,-3.59599739117,0.0777125709599
Nematostella,0.481558876349,190.532650609,7,-3.31735060758,0.242754797572
Methanothermobacter,0.199233697552,162.279052421,7,-3.70063720495,0.0855409911722
Ciona,0.186900756415,411.94778541,7,-3.72838894096,0.20370526384
Thermosediminibacter,0.258034572906,215.091985941,7,-3.58832210095,0.146842289928
Moritella,0.176273054802,137.026205341,7,-3.75381406913,0.0639055507285
unclassified (derived from Proteobacteria),0.268826860962,162.200499913,7,-3.5705273391,0.11536494658
Methanoregula,0.502225182759,573.692936597,7,-3.29910151452,0.762301910643
Syntrophothermus,0.226008666746,156.990366506,7,-3.64587490666,0.0938743875673
Candidatus Protochlamydia,0.295479531483,109.005761046,7,-3.52947259828,0.085216927788
Pasteurella,0.264498647563,102.3121602,7,-3.57757654426,0.0715978086162
Sulfurimonas,0.266486366738,144.33040494,7,-3.57432500428,0.101761112403
Aspergillus,0.320993782689,378.915245026,7,-3.49350337934,0.321801244575
Thermosipho,0.270085520348,159.88161915,7,-3.56849869831,0.114248066646
Wolbachia,0.201535770061,152.372476055,7,-3.69564786088,0.0812470655073
Candidatus Pelagibacter,0.283178871741,99.6975612924,7,-3.54793915292,0.0746954937256
Lysinibacillus,0.171093413189,155.484966789,7,-3.76676670975,0.0703834766685
Acetivibrio,0.228634771541,106.793610604,7,-3.64085771996,0.0646006027183
Archaeoglobus,0.177304529362,159.009983565,7,-3.75128016992,0.074592170199
Fervidobacterium,0.229033110843,134.371398531,7,-3.64010172807,0.0814243179228
Faecalibacterium,0.309580953193,420.761250232,7,-3.50922576691,0.344634689807
Halanaerobium,0.196638398032,140.635585278,7,-3.70633167254,0.0731665491609
Cylindrospermopsis,0.13355241236,181.54327416,7,-3.8743482629,0.0641476750946
Brachyspira,0.263556349825,162.184228614,7,-3.57912651593,0.113091801863
unclassified (derived from Clostridiales),0.234332244221,137.034206033,7,-3.63016794818,0.0849591306269
Dietzia,0.270791335877,228.486789199,7,-3.56736523526,0.163698567711
Hydrogenivirga,0.162823005375,150.19345094,7,-3.78828423335,0.0647017135631
Fibrobacter,0.272179844606,140.642946154,7,-3.56514403821,0.1012798238
Dichelobacter,0.216864248909,73.4341246889,7,-3.66381203757,0.0421342148064
Caenorhabditis,0.280238721274,257.9999678,7,-3.55247185737,0.191292002895
Methanococcus,0.19327938385,181.764324044,7,-3.71381446753,0.0929486739254
Wolinella,0.190580939841,99.5449275898,7,-3.71992053568,0.0501935160873
Sulfolobus,0.151951688269,300.876886725,7,-3.8182944703,0.120960445131
Eggerthella,0.202174672828,131.011891741,7,-3.69427325102,0.0700787725852
Micromonas,0.133581709521,261.423703862,7,-3.87425300292,0.0923934066952
Branchiostoma,0.200416014699,371.66149618,7,-3.69806757813,0.197073855351
Danio,0.190129063834,307.192766255,7,-3.72095149019,0.154528473535
Candidatus Amoebophilus,0.538061117793,241.842007468,7,-3.26916839048,0.344280455334
Nitratiruptor,0.112891922169,270.867798896,7,-3.94733713233,0.0809038643964
Aeromicrobium,0.527969325183,423.984570212,7,-3.27739130908,0.592253673052
Haloarcula,0.129661202028,222.521037802,7,-3.88718995657,0.0763361302408
Sulfurovum,0.203066104452,193.648814292,7,-3.69236256245,0.104040229064
Acetohalobium,0.158131323786,153.349767418,7,-3.80098209338,0.0641578864038
unclassified (derived from Erysipelotrichaceae),0.335253330915,249.555596446,7,-3.47462689851,0.22135505036
Anaerobaculum,0.178631631572,155.50519344,7,-3.74804163503,0.0734940673152
Kosmotoga,0.13628911699,130.726310035,7,-3.86553882223,0.0471382223311
Borrelia,0.191370681694,199.012302694,7,-3.7181245961,0.100763756257
Hydrogenobacter,0.150016023627,160.728364785,7,-3.82386235027,0.063793906282
Methanoculleus,0.305449884942,391.851633965,7,-3.51506003412,0.316672716766
Cardiobacterium,0.187387090033,36.6601511798,7,-3.72726033298,0.0181753565224
Anopheles,0.28143503409,565.976809061,7,-3.55062184093,0.421430356362
Dictyostelium,0.364631314336,274.656537951,7,-3.43814603711,0.264967692933
Mycoplasma,0.343960511391,300.217164878,7,-3.46349141403,0.273207819606
Rattus,0.209630322694,491.048689218,7,-3.67854589714,0.27235018773
Plasmodium,0.201090243388,485.656927255,7,-3.69660900024,0.258386374061
Vitis,0.164839504241,591.003969881,7,-3.7829387003,0.257751213028
Paramecium,0.230486447225,384.577492632,7,-3.63735460636,0.23451913153
Tetrahymena,0.268685715497,401.289760687,7,-3.57075542194,0.285267092997
Monodelphis,0.13278019911,661.539837445,7,-3.87686668444,0.232401184788
Leishmania,0.149736791423,546.192255366,7,-3.82467147722,0.216382971572
Tetraodon,0.189176392133,402.952449607,7,-3.72313306141,0.201683216443
Neosartorya,0.119040955134,703.876492613,7,-3.92430359719,0.221687846242
Apis,0.130886808035,616.230867093,7,-3.8831041234,0.213397017355
Volvox,0.22231053443,312.03959793,7,-3.65303995729,0.183534947681
Sorghum,0.152270090062,481.463749137,7,-3.81738539539,0.193966718245
Chlamydomonas,0.154997105817,395.210364013,7,-3.80967641112,0.162069366264
Gibberella,0.166215861038,340.110432166,7,-3.77932753631,0.149568947262
Lactococcus,0.217207763355,239.929299087,7,-3.66312465642,0.137882023681
Canis,0.107043946824,589.852026992,7,-3.97043788638,0.167052973283
Weeksella,0.523658373219,282.375001792,7,-3.28095194777,0.391222045022
Bos,0.168676135012,321.666874609,7,-3.77294635882,0.143551918355
Trichomonas,0.0994262342474,595.903176857,7,-4.00249900911,0.156756555396
Ostreococcus,0.15443643136,320.978233087,7,-3.81125024239,0.13115183146
Enhydrobacter,0.214116446599,276.353581992,7,-3.66934997263,0.156553991728
Aedes,0.147019294591,332.311396544,7,-3.83262566536,0.129261321085
Penicillium,0.105785961096,517.635391222,7,-3.9755719639,0.144877524921
Trypanosoma,0.131520124928,382.790190644,7,-3.88100778728,0.133199327688
Filobasidiella,0.119723191993,437.138822534,7,-3.92182171276,0.138467128302
Oryzias,0.0965212822766,576.406450326,7,-4.01537691716,0.14719766981
Naegleria,0.143652577028,338.610182265,7,-3.84268657866,0.128695231335
Strongylocentrotus,0.12194406719,413.309782815,7,-3.91383932409,0.133347654409
Toxoplasma,0.0891507422959,605.784819603,7,-4.04987503641,0.142886885398
Candida,0.0953361793678,554.405403358,7,-4.02074225657,0.13984090239
Ajellomyces,0.0892544378269,605.946714047,7,-4.04937018109,0.143091314601
Monosiga,0.138346273653,338.187608397,7,-3.85903253405,0.123786754467
Saccharomyces,0.133054733998,346.105854857,7,-3.87596966893,0.121839553031
Aureococcus,0.109877559142,466.286657715,7,-3.95909099671,0.1355535863
Selaginella,0.124093201102,384.687035301,7,-3.90625201225,0.12630035107
Blattabacterium,0.233371323037,258.464318835,7,-3.63195251167,0.159586851018
Ailuropoda,0.0820905576735,575.605727684,7,-4.08570679399,0.125016499063
Anaerococcus,0.162515932593,217.73048605,7,-3.78910405562,0.0936190449668
Neurospora,0.118712382529,338.345310853,7,-3.92550397874,0.106268659721
Gallus,0.117568059182,332.650681425,7,-3.92971065109,0.103472939373
Pyrobaculum,0.133058573015,298.11219681,7,-3.87595713845,0.104947386166
Macaca,0.0829270969356,520.673828606,7,-4.08130353788,0.114238168241
Magnaporthe,0.0881081469312,474.969525495,7,-4.05498393264,0.110721212518
Schizosaccharomyces,0.144620005509,227.673454825,7,-3.83977162626,0.0871143682608
Roseburia,0.241285938331,347.020353335,7,-3.61746798718,0.22153175114
Coccidioides,0.0741915460092,570.714631203,7,-4.12964557896,0.11202693333
Pyrenophora,0.0749522980472,563.790385507,7,-4.12521504709,0.111802531794
Chlamydophila,0.106907025887,361.228509805,7,-3.97099375219,0.102173268671
Leuconostoc,0.139273125553,242.34092654,7,-3.85613267791,0.0892982825075
Butyrivibrio,0.205166020098,257.877067513,7,-3.6878945661,0.139980382799
Leptotrichia,0.189186212428,181.327123598,7,-3.72311051743,0.0907614185291
Collinsella,0.247181961651,250.022208026,7,-3.6069832255,0.163510023426
Ustilago,0.10056467576,370.529904762,7,-3.99755454231,0.0985865667084
Arthroderma,0.078686198803,513.966695309,7,-4.10410143421,0.106999700906
Sebaldella,0.182191508096,155.751525719,7,-3.73947186926,0.075077440832
Capsaspora,0.103497219258,338.592461029,7,-3.98507131859,0.0927160637588
Phaeosphaeria,0.073292828148,534.14031368,7,-4.13493851988,0.103577603222
Thalassiosira,0.107617347772,314.513935808,7,-3.96811771534,0.0895511563285
Ixodes,0.0901335124195,404.825563444,7,-4.04511370455,0.09653909972
Metarhizium,0.0720910629486,544.952490893,7,-4.14211857096,0.1039415266
Laccaria,0.075117851095,509.065382914,7,-4.12425684448,0.101173259293
Pedosphaera,0.946160293789,549.679533766,5,-3.02403528135,1.16294530039
Granulicella,0.502650372164,398.336792105,5,-3.29873399156,0.447714780617
unclassified (derived from Flavobacteriia),1.62048208083,311.925728257,5,-2.790355767,1.13026539952
Diplosphaera,0.572781657023,274.806080303,5,-3.24201089849,0.351965780154
Kyrpidia,0.314750188015,287.501780753,5,-3.5020340018,0.202344562995
unclassified (derived from Acidobacteria),0.106559842746,569.997045518,7,-3.97240642908,0.160699747923
Natranaerobius,0.232197076605,181.100135126,7,-3.63414325239,0.111256281878
unclassified (derived from Poribacteria),0.294031324332,234.619294691,5,-3.5316064,0.154256092896
Candidatus Desulforudis,0.174094912572,300.264942595,7,-3.75921391972,0.138305588653
unclassified (derived from Peptostreptococcaceae),0.641109545576,204.66533464,5,-3.19306775679,0.293400963222
Thermanaerovibrio,0.202824960559,126.4656872,7,-3.6928785998,0.0678645741869
Candidatus Cloacamonas,0.229110871355,255.190279946,7,-3.63995430297,0.154688791077
unclassified (derived from Archaea),0.151282050394,202.885081226,7,-3.82021259793,0.0812057039059
Blautia,0.417009023224,411.077561579,7,-3.37985454768,0.453542765696
Calditerrivibrio,0.183034093747,121.411633659,7,-3.73746800673,0.0587951247379
Thermovibrio,0.122192158526,196.478391116,7,-3.91295666331,0.0635195115641
Persephonella,0.165824454514,145.325860349,7,-3.78035142266,0.0637588536491
Methanosaeta,0.259980982937,423.118719791,7,-3.5850584186,0.29104010701
Aminomonas,0.126639394125,153.103363896,7,-3.89743117592,0.0512982532138
Petrotoga,0.167499715688,127.139934647,7,-3.77598592579,0.0563436630338
Parachlamydia,0.118085959871,271.718654113,7,-3.92780173586,0.0848919948222
Methanocella,0.239288608114,479.194654535,7,-3.62107797648,0.303377248624
unclassified (derived from Myoviridae),0.0890045009421,274.218079827,7,-4.0505880306,0.0645739086269
unclassified (derived from Chloroflexi),0.0720520993382,316.422352277,7,-4.14235336089,0.0603202056998
Physcomitrella,0.107184885325,238.245761483,7,-3.96986645235,0.0675628172681
Acidaminococcus,0.154116812037,138.365566534,7,-3.81214998311,0.0564192180293
Bilophila,0.120964433454,141.085913659,7,-3.91734230427,0.0451533909478
Waddlia,0.186063784586,106.287156223,7,-3.73033814963,0.0523228820485
Aminobacterium,0.141694133294,115.963240021,7,-3.84864813092,0.0434731620618
Coprothermobacter,0.120544818779,151.588241103,7,-3.9188514516,0.0483462821448
Nitrospira,1.77958792825,672.364546076,7,-2.74968054893,3.16572565684
unclassified (derived from Burkholderiales),0.188280501609,79.5277175834,7,-3.72519465333,0.0396162063572
Candidatus Sulcia,0.0963489377535,317.26213228,7,-4.01615306908,0.080874980633
Taylorella,0.113252690484,124.719464187,7,-3.94595147189,0.0373707474738
Methanococcoides,0.168183276517,112.559265253,7,-3.77421719092,0.050085622815
Peptoniphilus,0.131837017525,165.49261097,7,-3.87996263034,0.0577251403525
Elusimicrobium,0.152022566781,108.697224813,7,-3.81809193902,0.0437195352952
Acyrthosiphon,0.0695640204888,394.109708203,7,-4.15761532567,0.0725355364698
Chlamydia,0.154392165107,119.828519493,7,-3.81137474245,0.0489479458711
Buchnera,0.129970736372,176.229374805,7,-3.88615442049,0.0606000384939
Lawsonia,0.129130159832,134.632294933,7,-3.88897231142,0.045996624034
Arcanobacterium,0.15506146642,217.939037429,7,-3.80949611321,0.0894103788773
Tropheryma,0.127779904603,184.852356972,7,-3.89353744044,0.0624937480274
Sordaria,0.0971845018548,255.826654688,7,-4.01240298709,0.0657796903479
Sodalis,0.167864373589,80.1070818332,7,-3.77504146584,0.035577748895
Zea,0.108045307012,297.986834562,7,-3.96639409211,0.0851828182936
Eikenella,0.132500358776,64.1910892368,7,-3.87778294577,0.0225030206844
Ehrlichia,0.111626501772,199.026264808,7,-3.95223268527,0.0587796136613
Anaplasma,0.12202890948,184.08141496,7,-3.91353726981,0.0594321845763
Basfia,0.151501187248,116.928323501,7,-3.81958396377,0.0468689019694
Cyanobium,0.12146683719,114.811908045,7,-3.91554227673,0.0368972227229
unclassified (derived from Betaproteobacteria),0.0987140135594,169.632532785,7,-4.00562118999,0.0443033918192
Moraxella,0.154767336843,173.456348533,7,-3.81032069046,0.0710261917138
Microbacterium,0.0461573069845,265.17055884,7,-4.33575953772,0.0323828289738
Sutterella,0.116450310448,65.802756572,7,-3.93385934933,0.0202737346454
Histophilus,0.142875114599,127.087562007,7,-3.84504340825,0.048040626256
Simonsiella,0.115088822044,106.920217354,7,-3.938966855,0.0325568214653
Alcaligenes,0.0442755295791,245.227595877,7,-4.35383623552,0.0287264609513
Rahnella,0.107763311965,105.648867294,7,-3.9675290696,0.0301220687603
unclassified (derived from Vibrionaceae),0.139567269704,77.7983383036,7,-3.85521641734,0.0287278367146
Atopobium,0.15121511407,139.910052235,7,-3.82040479859,0.0559748759977
Kingella,0.134141614319,84.457298815,7,-3.87243647147,0.0299743473609
Slackia,0.168289754749,148.072438601,7,-3.77394232248,0.0659296737044
Holdemania,0.21448359209,351.867539518,7,-3.66860592556,0.199674358849
Methanoplanus,0.123788963136,387.055923336,7,-3.90731807472,0.126766547776
Erysipelothrix,0.0617616419203,376.230362357,7,-4.20928116689,0.0614782779303
Pseudoflavonifractor,0.0919228035073,329.012989448,5,-4.03657673879,0.0676271846042
Ethanoligenens,0.144627935173,129.680607067,7,-3.8397478141,0.0496222258213
Methanocorpusculum,0.0801403107548,251.289577179,7,-4.09614897787,0.0532812638294
Cellulosilyticum,0.120891350482,159.154196681,7,-3.91760477087,0.0509052229658
Anaerotruncus,0.127480314581,140.784196555,7,-3.89455687349,0.047483864084
Coprococcus,0.22544067076,336.935466142,7,-3.64696773206,0.200968511366
Daphnia,0.0678091539535,287.674745438,7,-4.16871167423,0.0516106208254
Ilyobacter,0.133985334843,145.612446581,7,-3.87294273406,0.051618429259
Catenibacterium,0.108261637358,199.410792538,7,-3.96552540889,0.0571179051171
Dorea,0.1713969755,423.594851142,7,-3.76599684598,0.192089155218
unclassified (derived from Lachnospiraceae),0.17692706851,287.275251204,7,-3.75220571822,0.134474988208
Methanobrevibacter,0.147270371418,341.057402527,7,-3.83188461788,0.132889871752
Subdoligranulum,0.128070265309,350.310895176,7,-3.89255169079,0.118700069688
Dialister,0.117872370147,175.905679663,7,-3.9285879837,0.0548581172697
Sulfurospirillum,0.122535704613,147.260901213,7,-3.91173734757,0.0477418370789
