Burkholderia,20.6408141867,145.860071453,6,-1.68527317576,7.3746068323
Acidovorax,26.1982616238,259.094778549,6,-1.58172752518,16.6267268041
Pseudomonas,20.2198713231,192.876254813,6,-1.69422161254,9.55284601231
Streptomyces,13.4209327427,182.278077845,6,-1.87221730004,5.99228920335
Rhodobacter,10.5100229031,203.022803559,6,-1.97839633757,5.22665829862
Rhodopseudomonas,10.5263789803,169.109714161,6,-1.97772099817,4.36036838877
Rhizobium,7.69373212612,189.876480294,6,-2.11386293866,3.57835858853
Cupriavidus,8.12408871751,110.493324626,6,-2.09022534261,2.19880301503
Mesorhizobium,6.79820086101,209.325476785,6,-2.16760600781,3.48571364474
Mycobacterium,26.0794642149,277.378905937,6,-1.58370133514,17.7193473196
Dechloromonas,15.774856572,338.767215701,6,-1.80203458075,13.0900835688
Bradyrhizobium,10.3965505481,157.902763556,6,-1.98311073055,4.02119029362
Geobacter,9.41526278399,192.970237148,6,-2.02616755413,4.45039338725
Sinorhizobium,5.92697146938,191.346113571,6,-2.22716716332,2.77797355776
Ruegeria,5.06348452958,231.555121266,6,-2.29555051258,2.87196738275
Methylobacterium,7.8871065044,230.792133625,6,-2.10308229459,4.45876242668
Ralstonia,5.96917141969,107.925653881,6,-2.22408594908,1.57802676372
Xanthomonas,11.4724685903,282.573366969,6,-1.94034312266,7.94079032961
Albidiferax,6.47246380862,284.384597331,6,-2.18893036928,4.50869986953
Bacteroides,11.7591306523,228.035661306,6,-1.92962478429,6.56830952463
Bacillus,5.78311263473,187.29066067,6,-2.23783834908,2.65309864459
Shewanella,5.5348736958,116.032134856,6,-2.25689228514,1.57311916812
Rhodopirellula,4.6538868394,134.939205564,6,-2.33218418092,1.53825945525
Roseobacter,4.23187323337,204.567951875,6,-2.37346735016,2.12053708532
Brucella,3.04564230598,273.911719825,6,-2.51632110351,2.04345527339
Aromatoleum,5.5051897688,168.89509116,6,-2.25922770592,2.27753440633
Planctomyces,5.8043846012,57.4986771985,6,-2.23624381873,0.817503573968
Variovorax,6.70168213354,167.867504652,6,-2.17381617497,2.75566287234
Polaromonas,12.8358685976,256.550543042,6,-1.89157473748,8.0662898928
Frankia,5.76902731293,167.412008985,6,-2.23889740491,2.36572809956
Bordetella,5.04891776317,83.7068292633,6,-2.29680170304,1.03522514861
Candidatus Accumulibacter,13.3673237708,759.473934813,6,-1.87395553275,24.8675480566
Sorangium,5.48320249803,293.995565602,6,-2.26096571506,3.94866863469
Sphingomonas,5.77623387356,155.911318498,6,-2.23835523096,2.20596205843
Clostridium,5.98146304346,157.094050429,6,-2.22319257621,2.30166856527
Candidatus Solibacter,4.66708239255,357.7221364,6,-2.33095453202,4.08946889237
Verminephrobacter,5.34076416785,183.846583359,6,-2.27239659875,2.40510803774
Anaeromyxobacter,5.03910560764,247.309198492,6,-2.29764653977,3.0525961726
Comamonas,5.02306591041,261.724460572,6,-2.29903112319,3.22024426441
Agrobacterium,3.96749902658,151.043820891,6,-2.40148317113,1.46789644036
unclassified (derived from Gammaproteobacteria),3.92757882912,176.610348603,6,-2.40587508962,1.69909117167
Desulfovibrio,4.14830428543,115.744964374,6,-2.38212939485,1.17611106511
Vibrio,3.35649466553,163.152114384,6,-2.4741140387,1.34138761727
Azoarcus,5.37440653523,179.379906602,6,-2.2696694854,2.36145640986
Nitrobacter,4.1549998242,168.78659243,6,-2.38142899025,1.71784739399
Delftia,5.38061544366,247.179505613,6,-2.26916804617,3.25776713907
Roseovarius,2.18121730931,292.694179448,6,-2.66130106458,1.56382678252
Caulobacter,6.33884773831,247.584876175,6,-2.19798968003,3.84423614022
Leptothrix,6.92771691483,235.925507516,6,-2.15940986707,4.00350758897
Rhodococcus,5.71457647229,192.810996206,6,-2.24301595119,2.69892907884
Erythrobacter,3.7033362992,204.700207375,6,-2.43140684797,1.85689377306
Magnetospirillum,4.08048334645,124.277919112,6,-2.38928839028,1.24217049063
Nitrosomonas,6.21465538917,248.043609717,6,-2.20658294856,3.77590204756
Chlorobium,3.09950964096,130.62343965,6,-2.50870700845,0.991721508668
Synechococcus,3.24970114731,143.661914297,6,-2.48815657626,1.14356458709
Nitrosococcus,3.25445975598,149.925712615,6,-2.48752109449,1.19517266695
Myxococcus,4.8276211336,295.708748267,6,-2.31626682019,3.49681758838
Pirellula,2.97479399606,117.90621847,6,-2.52654310371,0.859150470427
Paracoccus,3.34603381475,258.645077858,6,-2.47546967441,2.11987458796
Chloroflexus,2.75831247593,202.402314429,6,-2.55935653624,1.36752276026
Flavobacterium,12.9504667291,325.342170666,6,-1.88771457952,10.3205158605
Verrucomicrobium,3.80282305135,247.738679069,6,-2.41989388222,2.30767986414
Achromobacter,3.13513554748,94.5669709595,6,-2.50374367772,0.72622538587
Xanthobacter,3.411085598,193.519850994,6,-2.46710738224,1.61693947549
Sphingopyxis,3.29985560301,187.543328061,6,-2.48150506382,1.51590567889
Cyanothece,2.14100990358,208.406968105,6,-2.6693813238,1.09296571011
Chthoniobacter,3.37547036307,78.2301308887,6,-2.4716657008,0.646820806069
Thauera,3.69140666594,258.790813456,6,-2.43280810787,2.34000277819
Arthrobacter,3.79424036625,159.247514918,6,-2.42087515989,1.48003889653
Ochrobactrum,1.88137348563,196.43635154,6,-2.72552498082,0.905258275497
Roseiflexus,4.08766166098,260.815866203,6,-2.38852505829,2.61146719229
Marinobacter,2.80699049582,100.710767199,6,-2.55175905784,0.692456460829
Alicycliphilus,4.26557176514,187.739399591,6,-2.37002274696,1.96159028906
Spirosoma,5.56469309885,205.445434019,6,-2.25455878266,2.80035658589
Escherichia,2.12305395139,139.323571253,6,-2.67303896933,0.72453814353
Thiobacillus,2.61596597729,91.9531375959,6,-2.58236790866,0.589215644191
Rhodospirillum,3.61287730385,187.312608394,6,-2.44214678716,1.65766149522
Chelativorans,2.27863432982,194.220652597,6,-2.64232536384,1.08404090576
Herpetosiphon,1.91626910162,208.500353913,6,-2.71754350301,0.978675955815
Gemmatimonas,4.08779609156,396.248980284,6,-2.38851077592,3.96764682357
Novosphingobium,4.64356782522,299.354556538,6,-2.33314820665,3.40497001345
Parvibaculum,3.46977980534,258.062478426,6,-2.45969808497,2.19332204708
Sphingobium,3.47473581135,242.636047072,6,-2.45907820979,2.06515540071
Candidatus Koribacter,2.86494626146,438.256463148,6,-2.5428835198,3.07553330897
Pelobacter,2.57825055896,170.905448271,6,-2.58867487942,1.07933597722
Cytophaga,5.95187577322,288.766191933,6,-2.22534614191,4.2099392503
Oceanicola,1.60883800466,222.511800654,6,-2.7934876832,0.876881666717
Dinoroseobacter,1.56591721898,275.450244716,6,-2.80523120032,1.05654399847
Blastopirellula,2.38231494298,98.9622498256,6,-2.62300082515,0.577489856192
Acinetobacter,6.96563091741,395.451503967,6,-2.1570395409,6.74728905598
Pedobacter,6.41519982257,260.658973041,6,-2.19278981154,4.09598628253
Nitrosospira,2.48964788812,140.214021559,6,-2.603862071,0.85507655712
Jannaschia,0.91932383952,426.436685528,6,-3.0365314778,0.9602818192
Corynebacterium,3.25165302729,215.150051578,6,-2.48789580268,1.71364665297
Anabaena,1.6375244778,215.851264865,6,-2.78581219943,0.865800881563
Nocardioides,5.67654940092,257.95973079,6,-2.24591557829,3.58683964999
Labrenzia,1.70058627877,156.514467803,6,-2.76940132936,0.651971759814
Stigmatella,2.43011958235,234.502115596,6,-2.61437235493,1.39588626952
Gramella,3.27740471116,280.9686821,6,-2.48446992634,2.25560793251
Stenotrophomonas,4.3096570592,356.60944323,6,-2.36555728743,3.76453359461
Neisseria,1.68987556186,154.887137119,6,-2.77214527455,0.641129415548
Opitutus,3.05477973886,79.6023050759,6,-2.51502009856,0.595636318369
Dyadobacter,4.88999772367,234.633512996,6,-2.31069134304,2.81044004653
Acidobacterium,1.79370714769,249.00504308,6,-2.74624846125,1.09404530531
Paenibacillus,1.99803924066,143.978762693,6,-2.69939598666,0.704657494964
Janthinobacterium,2.02380443054,118.138881146,6,-2.69383145766,0.585648480761
Congregibacter,1.4371878168,167.483533742,6,-2.84248647301,0.589605149198
Nostoc,1.50341742812,178.827976193,6,-2.82292041957,0.658552901077
Yersinia,1.59321064295,116.051364581,6,-2.79772680108,0.452896615852
Prevotella,3.13279645327,247.152006485,6,-2.50406782155,1.89658339648
Geobacillus,1.42132663177,192.253515138,6,-2.8473061064,0.66933542038
Curvibacter,1.80016186037,551.887478435,6,-2.74468844384,2.43353570143
Chromobacterium,1.89663310026,82.3034661605,6,-2.72201667435,0.382364070671
Deinococcus,1.79369290723,146.451720312,6,-2.74625190918,0.643455020172
Gemmata,2.6934200655,254.394559363,6,-2.56969590879,1.67836933246
unclassified (derived from Bacteria),3.01903183553,100.634072233,6,-2.52013230734,0.744197771082
Chitinophaga,10.4153413939,347.442628781,6,-1.98232649019,8.86405081926
Sphaerobacter,1.54899669473,289.804012571,6,-2.80994950894,1.09958931386
Hyphomicrobium,3.8189164287,409.381551251,6,-2.41805984541,3.82951739958
Salinispora,1.8619905709,187.455138223,6,-2.73002252261,0.854969164577
Methylococcus,2.25663749464,115.342502529,6,-2.64653820021,0.637568416117
Sideroxydans,1.54319709232,90.4174959992,6,-2.81157860366,0.341782244236
Methylotenera,1.45662663529,112.045263515,6,-2.83665175297,0.399776604108
Alkalilimnicola,1.51055910921,120.481726443,6,-2.82086227582,0.445794320814
Parabacteroides,4.20831356888,388.235839622,6,-2.3758919076,4.00202080442
Methylobacillus,1.75505459355,67.6721068858,6,-2.75570936962,0.290921590658
Haliangium,3.9873982834,442.650364752,6,-2.39931038244,4.3234064803
Propionibacterium,2.05962419625,193.737845934,6,-2.68621201477,0.977412923795
unclassified (derived from Rhodobacteraceae),0.916284339353,240.917625327,6,-3.0379697361,0.540722526751
Syntrophobacter,1.66351067476,204.240122552,6,-2.77897440791,0.832227916238
Gallionella,1.32404919824,117.829603654,6,-2.87809587734,0.382150264658
Pseudoalteromonas,1.60120091003,83.6572388117,6,-2.79555417174,0.328114164946
Octadecabacter,0.828611976351,253.166165168,6,-3.08164879391,0.513845425359
Azorhizobium,1.8303698728,188.163006548,6,-2.73746114115,0.843623614369
Hahella,1.58198184336,69.0641287207,6,-2.80079850527,0.267626834492
Gloeobacter,1.41834008158,271.622837824,6,-2.84821962399,0.943674638593
Xylella,2.0691408088,224.890921826,6,-2.6842099538,1.13982347201
Streptosporangium,1.50155518621,144.568534189,6,-2.82345870168,0.531729433644
Legionella,1.49736280672,83.2619008692,6,-2.8246729586,0.30538590483
Salmonella,1.20431106184,123.447303001,6,-2.91926132455,0.364163074361
Azotobacter,1.75411945169,305.411044345,6,-2.75594083546,1.31225890264
Micromonospora,1.51154684423,149.990554052,6,-2.82057838909,0.555342799801
Azospirillum,1.84980346806,181.168720262,6,-2.73287441066,0.820888990531
Hyphomonas,2.05109889107,205.439437794,6,-2.68801340018,1.032157667
Allochromatium,1.55616713856,225.517370453,6,-2.80794375988,0.859630595574
Leptospira,2.11837924153,282.066674308,6,-2.67399628797,1.46362936854
Ktedonobacter,1.42963910649,213.165578543,6,-2.84477358061,0.746481624935
Maritimibacter,1.13905970051,180.224285926,6,-2.94345351304,0.502846493045
Kribbella,1.8551952402,171.511522101,6,-2.73161037862,0.779396673235
Herbaspirillum,1.32213363253,86.9215926978,6,-2.87872464702,0.281500164932
Nitrococcus,1.23089167405,175.043470301,6,-2.90978016594,0.527765958178
Anaerolinea,3.63380033403,411.192258357,6,-2.4396389395,3.66000446462
Thiomonas,1.4378778911,108.858093843,6,-2.84227799398,0.383405515859
Meiothermus,1.27340906548,214.267218317,6,-2.89503206269,0.668342831101
Thermus,1.0531051942,226.630397361,6,-2.97752824517,0.584609058261
Herminiimonas,1.24850024958,112.611423883,6,-2.9036113665,0.344386967704
Plesiocystis,1.52368578128,196.689429972,6,-2.81710458518,0.734094654589
Rhodothermus,1.61297704255,257.263326942,6,-2.79237181387,1.01643987235
Phenylobacterium,2.14944319851,174.56442725,6,-2.66767402712,0.919088529255
Magnetococcus,0.878928553439,155.06271752,6,-3.05604642653,0.333838630035
Isosphaera,1.30876774339,165.199890344,6,-2.8831374174,0.529599983011
Polynucleobacter,1.35295796358,116.888409987,6,-2.86871569673,0.387374812916
Aeromonas,1.42825072812,62.4150847486,6,-2.84519554586,0.218358269514
Microscilla,2.43526382477,254.19129021,6,-2.61345398253,1.51629013049
Desulfuromonas,0.92637651487,298.312756896,6,-3.03321246354,0.676916324035
unclassified (derived from Deltaproteobacteria),1.02141361651,147.845510021,6,-2.99079835684,0.36990091717
Acidiphilium,1.5473606675,160.046877687,6,-2.81040844671,0.606616731227
Serratia,1.03442734169,98.89427991,6,-2.98530000883,0.25058022156
Oligotropha,1.46429128124,223.488099869,6,-2.83437252352,0.80159962391
Janibacter,2.54095149169,526.390936015,6,-2.59500362582,3.2762754072
Oscillochloris,1.03508554049,205.482183395,6,-2.9850237582,0.520985982868
Acidithiobacillus,1.12346456595,69.9281546701,6,-2.94944062067,0.192436332911
Starkeya,1.35366961522,163.169849115,6,-2.86848731925,0.541038559195
Maricaulis,1.35362023463,279.770233191,6,-2.86850316219,0.927628253542
Methanosarcina,1.02908978854,116.458515962,6,-2.9875467312,0.293562208011
Aurantimonas,1.12353242332,177.597546537,6,-2.94941439003,0.488762859509
Pelodictyon,0.97716341651,113.93406899,6,-3.01003280071,0.272707092012
Robiginitalea,1.67558763336,232.430262987,6,-2.7758328536,0.953971598598
Methylovorus,0.704208698103,205.969029468,6,-3.152298615,0.355286685772
Desulfotomaculum,1.05634180178,176.641225468,6,-2.97619553388,0.457058889744
Hoeflea,0.689990868141,182.460234349,6,-3.161156657,0.308380704686
Salinibacter,1.1619012984,205.656472513,6,-2.93483076298,0.585311752719
Saccharophagus,1.22559242284,230.832763783,6,-2.91165393271,0.692977515999
Geodermatophilus,1.18595291688,152.727541675,6,-2.92593255241,0.443670378462
Rubrobacter,1.16274576746,217.372310627,6,-2.9345152327,0.619105431788
Bifidobacterium,1.41969338356,252.972416136,6,-2.84780544168,0.879717744812
unclassified (derived from Alphaproteobacteria),1.27999269668,187.10194149,6,-2.89279250832,0.58662613962
Lactobacillus,1.38279187275,246.874913326,6,-2.85924318165,0.836198538262
Pelagibaca,0.71192821814,212.327188736,6,-3.14756379293,0.370269075635
Photobacterium,0.927570540331,100.184621337,6,-3.03265305302,0.227626925862
Streptococcus,1.40079530556,295.323159371,6,-2.85362532236,1.01332278649
Actinomyces,1.16638633516,149.520429489,6,-2.93315757699,0.427187547031
Maribacter,2.03145988956,259.57220059,6,-2.69219174824,1.29164169517
Lutiella,1.00455336257,91.4177281759,6,-2.99802698828,0.224946407328
Methylocella,1.50580059081,281.678350268,6,-2.8222325368,1.03895456799
Symbiobacterium,0.983467174909,192.206861135,6,-3.00724013091,0.463024936379
Catenulispora,1.23790701545,169.618016535,6,-2.90731197583,0.51432262552
Saccharopolyspora,1.46579435931,179.822197677,6,-2.8339269539,0.645642294627
Nocardia,1.31378993314,183.226563739,6,-2.88147407022,0.589644146829
Nakamurella,2.97341554678,518.526634745,6,-2.52674439215,3.77661142297
Clavibacter,1.64286660563,189.946706152,6,-2.78439769815,0.764380666562
Polaribacter,1.93910180553,282.316592844,6,-2.71239938926,1.34095017102
Pectobacterium,0.789498793847,110.450353438,6,-3.10264852915,0.213596536364
Methylobacter,0.97755902387,100.0401282,6,-3.00985701095,0.239548168002
Klebsiella,0.901356763106,89.6383592069,6,-3.0451032783,0.197909319383
Phaeobacter,0.411888954771,328.916529446,6,-3.38521985394,0.331849731365
Intrasporangium,2.35458022614,378.687517572,6,-2.62808650753,2.18408787394
Kineococcus,1.62349038276,262.641466123,6,-2.78955027971,1.04445236961
Gluconacetobacter,1.06092643491,136.966808315,6,-2.97431472922,0.355939537388
Arthrospira,0.550818042453,247.677207022,6,-3.25899184254,0.334171820234
Microcystis,0.589043071361,212.64624992,6,-3.22985294805,0.306817696711
Sagittula,0.595396861532,220.74045925,6,-3.22519345895,0.321931970618
Alcanivorax,1.2510908429,159.819318726,6,-2.90271115463,0.489771765975
Zymomonas,0.956975979106,161.871020208,6,-3.01909896324,0.379442318978
Bartonella,0.754135705258,172.031054833,6,-3.12255049665,0.317783966017
Desulfitobacterium,0.884751644232,143.959749456,6,-3.05317862159,0.311988140574
Rhodomicrobium,0.902411996757,160.640713485,6,-3.04459513977,0.35508809321
Ketogulonicigenium,0.739290518854,237.320806333,6,-3.13118486344,0.42976057989
Conexibacter,1.95847521031,291.845218919,6,-2.70808192123,1.40005883638
Cellvibrio,1.94146627295,405.572686413,6,-2.71187014959,1.92874216572
Thermomonospora,1.09469356641,157.000829251,6,-2.96070743429,0.420988407585
Bdellovibrio,2.87158943437,482.766655233,6,-2.54187765326,3.39574631129
Chlorobaculum,0.915400066694,119.92637622,6,-3.03838906027,0.268906484985
Syntrophus,1.53175973569,250.246535874,6,-2.81480935066,0.938932450182
Chromohalobacter,0.854678169082,94.8948610225,6,-3.06819738902,0.198664802691
unclassified (derived from Rhodobacterales),0.570880338744,279.292831191,6,-3.24345491394,0.390553469061
Moorella,0.703399061686,197.638339625,6,-3.15279821535,0.340524690225
Marinomonas,0.736138217182,203.260780833,6,-3.13304063495,0.366512321841
Enterobacter,0.836293831709,118.393022649,6,-3.07764110645,0.24252729741
Thermomicrobium,0.768761763019,284.032608459,6,-3.11420822592,0.534854435241
Sphingobacterium,2.35961680538,279.717077962,6,-2.62715851941,1.6167247563
Cellulomonas,1.07348382134,86.272419615,6,-2.96920449651,0.226852258411
Desulfococcus,0.846371585318,135.994237559,6,-3.07243892535,0.281940331719
Porphyromonas,1.41989533964,213.84833469,6,-2.84774366625,0.743768586197
Laribacter,0.844571292367,78.4087792895,6,-3.07336368467,0.162209629787
unclassified (derived from Flavobacteriales),2.82951924752,477.23231482,6,-2.54828734747,3.30763913008
Beutenbergia,1.03959643801,155.319900697,6,-2.9831352172,0.395519146775
Acidothermus,1.1057610312,180.817359087,6,-2.95633871937,0.489752912903
Kytococcus,1.14127247881,253.553979884,6,-2.94261065539,0.708819083618
Oceanibulbus,0.417364706143,257.750806723,6,-3.37948427922,0.263506528304
Halorhodospira,0.763434093189,99.3946612706,6,-3.11722844937,0.185870400115
Leeuwenhoekiella,1.60031716431,236.245073614,6,-2.79579393668,0.926071351968
Caldicellulosiruptor,0.692412308538,152.440907433,6,-3.15963522057,0.258548444898
Acaryochloris,0.646683944485,168.764749644,6,-3.18930792134,0.267331074101
Thermobispora,0.955307628958,144.583730798,6,-3.01985675402,0.338328277868
Thermobifida,1.15981741792,185.246897848,6,-2.93561037339,0.526279187832
Psychrobacter,1.09462560927,181.995029306,6,-2.96073439556,0.487978576985
Amycolatopsis,0.924170379403,161.016156787,6,-3.03424795517,0.364499659114
Beijerinckia,0.920156028363,171.485969069,6,-3.03613852427,0.386514412686
Dickeya,0.64713341125,112.856068201,6,-3.18900617714,0.178893418787
Methylosinus,0.833194668948,172.830770222,6,-3.07925351747,0.352730629234
Thermobaculum,0.913234973445,268.228878705,6,-3.03941746503,0.600017192094
Colwellia,0.645606704965,108.20114452,6,-3.19003196789,0.171110047534
Capnocytophaga,1.64029083728,260.328493438,6,-2.78507914108,1.04596749685
Methylibium,6.49726651017,332.374142384,6,-2.18726931862,5.28973037879
Xylanimonas,0.86180446641,142.592524682,6,-3.06459125946,0.301010138973
Chloroherpeton,0.891854111497,218.453919859,6,-3.04970618122,0.47723170225
Loktanella,0.74263727397,250.993011231,6,-3.12922325673,0.456576965538
Haemophilus,0.807584546928,188.226975784,6,-3.09281199984,0.372344968758
Desulfatibacillum,0.818955220126,172.911309489,6,-3.0867398445,0.346863962037
Terriglobus,0.760764774845,270.441016893,6,-3.11874960444,0.503962917008
Afipia,0.753809634165,171.734805785,6,-3.12273831629,0.317099554722
Citreicella,0.508756771654,327.139541372,6,-3.29348979718,0.407679495142
Citromicrobium,0.56570634164,206.013190899,6,-3.24740895274,0.285470806064
Pantoea,0.617274278715,127.965898217,6,-3.20952181933,0.193485335683
Shigella,0.588844545605,145.115499095,6,-3.22999934341,0.209310050087
Beggiatoa,0.482640378934,236.088645591,6,-3.31637634672,0.279109346032
Brevibacterium,0.835221148647,177.957745276,6,-3.07819851743,0.364077635821
Microcoleus,0.527154339984,213.114053121,6,-3.27806221365,0.275185470799
Staphylococcus,0.747729278704,230.946639459,6,-3.12625561343,0.422991518091
Akkermansia,0.604166271721,191.617096548,6,-3.21884352338,0.28357396595
Thermoanaerobacter,0.558699803186,173.444184395,6,-3.25282148163,0.237363472055
Dokdonia,1.29422128767,243.964372275,6,-2.88799146107,0.773411405281
Thermotoga,0.720417373047,169.304011002,6,-3.14241582261,0.298763163744
Actinosynnema,0.894430024537,157.334374797,6,-3.04845363067,0.344703436603
Pelotomaculum,0.687759070429,225.29619969,6,-3.16256367326,0.379547222829
Stackebrandtia,0.757957762674,152.679192414,6,-3.12035499483,0.283465679568
Kordia,1.06270451438,216.717523721,6,-2.97358747453,0.564133876815
Croceibacter,1.56723347305,273.832964441,6,-2.80486630123,1.05122347826
Listeria,0.619927045134,217.176810257,6,-3.20765941657,0.329784058866
Coraliomargarita,0.632433458705,72.246453109,6,-3.19898516191,0.111919817636
Desulfobacterium,0.632507942874,129.91233577,6,-3.19893401636,0.201276003283
Marivirga,2.17018745283,283.193638308,6,-2.66350275177,1.50541544186
Photorhabdus,0.510166993712,139.869366035,6,-3.29228764238,0.174787587969
Alkaliphilus,0.783870282314,148.900437574,6,-3.10575579999,0.285901082171
Caldanaerobacter,0.533189849996,147.039114968,6,-3.27311812657,0.192039416906
Roseibium,0.461098814418,157.4856408,6,-3.33620599444,0.177873230475
Synechocystis,0.688641778808,167.174005925,6,-3.16200663287,0.281992619442
Zunongwangia,1.45632958858,273.0343535,6,-2.83674032674,0.97398572631
Xenopus,0.529133883023,214.882161631,6,-3.27643442758,0.278510492835
Leifsonia,1.34431941733,196.020894321,6,-2.87149752838,0.645476541097
Prochlorococcus,0.671598027974,189.98756885,6,-3.17289058776,0.312543321209
Truepera,0.595872460915,205.951212264,6,-3.22484668564,0.300602987316
Carboxydothermus,0.573666421924,160.988223798,6,-3.24134056967,0.22621904482
unclassified (derived from unclassified sequences),1.00555237452,167.665930836,6,-2.99759530411,0.412976315679
Granulibacter,1.10404656988,203.541972831,6,-2.95701260721,0.550448886574
Psychromonas,0.605775458012,98.3746965271,6,-3.21768832537,0.145972385525
Lentisphaera,0.45010666597,141.509689894,6,-3.34668455522,0.15601891351
Sulfitobacter,0.635935686844,152.498438965,6,-3.196586803,0.237549554501
Limnobacter,0.280673459344,430.581851177,6,-3.55179865258,0.296027933303
unclassified (derived from Verrucomicrobiales),0.637477169647,97.8655453754,6,-3.19553536427,0.152816441193
Gordonia,1.6694811887,354.310524678,6,-2.7774184701,1.4489093273
Algoriphagus,2.08777928974,232.358597761,6,-2.68031541482,1.18828046444
Desulfomicrobium,0.660573976695,79.9419730552,6,-3.18007853933,0.12935164281
Idiomarina,0.661174171861,74.3213079731,6,-3.17968412007,0.120366282967
Campylobacter,0.714093894429,235.84075806,6,-3.14624468017,0.412524557536
Ruminococcus,1.05531038257,400.480176328,6,-2.97661978908,1.03523002536
Mucilaginibacter,2.07766249244,325.290050384,6,-2.68242500037,1.65547034154
Brevundimonas,1.76997935289,368.818484775,6,-2.75203179973,1.59902960592
Methylocystis,0.703827473563,152.988818516,6,-3.1525337847,0.263755504026
Oxalobacter,0.551606711719,76.5961562456,6,-3.25837045815,0.103493278144
Spirochaeta,0.673288466932,156.50757902,6,-3.1717988247,0.258114364231
Leadbetterella,2.11786538701,280.573886573,6,-2.67410164741,1.45553021715
Trichodesmium,0.552869439912,176.563852153,6,-3.25737741521,0.239111247563
Alteromonas,0.538833592794,101.714811403,6,-3.26854533665,0.134250059459
Roseomonas,1.49836835026,334.688064592,6,-2.82438140905,1.22838482097
Nocardiopsis,0.724939602751,163.443901193,6,-3.13969817451,0.290232585343
Thermaerobacter,0.605697139489,289.74129516,6,-3.21774447736,0.42987436266
Citrobacter,0.473411640232,117.575915917,6,-3.32476106785,0.136343025816
Pseudoxanthomonas,2.05848714745,408.875234473,6,-2.68645184026,2.06164835159
Erwinia,0.435355092674,160.182828429,6,-3.36115637091,0.170818621277
Fusobacterium,0.641992179498,210.676045012,6,-3.19247026231,0.331299301099
Asticcacaulis,0.757147341117,115.140366581,6,-3.12081959843,0.213542161592
Ricinus,0.506706087668,142.073617208,6,-3.29524387798,0.176337705308
Teredinibacter,0.680458222791,233.263804252,6,-3.16719853346,0.388798379296
Pseudovibrio,0.385941894502,235.326944477,6,-3.41347807563,0.222468847758
Eubacterium,1.23286159499,368.80301162,6,-2.90908567597,1.11374151408
Sanguibacter,0.741585182806,149.39514451,6,-3.12983895617,0.271377071601
Thioalkalivibrio,1.79193659234,273.648662397,6,-2.74667736191,1.20113436614
Fulvimarina,0.365576381176,175.5894153,6,-3.43702187053,0.157236036299
Gluconobacter,0.567628528156,116.995808823,6,-3.24593578568,0.162671002706
Desulfurivibrio,0.486542407647,121.146308512,6,-3.31287930009,0.144379824724
Enterococcus,0.601887795247,235.652391343,6,-3.22048446297,0.347426557767
Actinobacillus,0.537409210336,151.791531873,6,-3.26969489472,0.199815086027
Dehalococcoides,0.607701159728,176.491363723,6,-3.21630993485,0.262717588589
Arabidopsis,0.559559388488,277.867473111,6,-3.25215381311,0.380854879167
Oceanicaulis,0.592842336461,183.954035422,6,-3.22706078979,0.267130916916
Coxiella,0.473997893053,90.7492680675,6,-3.32422358878,0.105364707863
Thalassobium,0.264983184412,252.360442233,6,-3.57678168512,0.163800498776
Alicyclobacillus,0.442060575833,182.27261547,6,-3.35451821493,0.197368952266
Alistipes,1.03685855876,242.669789854,6,-2.98428048309,0.616326520996
Chryseobacterium,2.01218219029,271.041442863,6,-2.69633269923,1.33591438568
Cronobacter,0.357074935744,157.634588021,6,-3.44724063329,0.13787531192
Helicobacter,0.586287932873,223.856938431,6,-3.23188904448,0.32148235463
Hirschia,0.599979986409,127.551380755,6,-3.22186323618,0.18745522634
Candidatus Kuenenia,0.522012515145,204.660056407,6,-3.28231908475,0.261691508061
Psychroflexus,0.840762976661,276.816412901,6,-3.07532642089,0.570086872954
unclassified (derived from Actinobacteria (class)),0.612317113847,351.143077244,6,-3.21302360216,0.526667032362
Saccharomonospora,0.584164795865,189.006870274,6,-3.23346461892,0.270451003396
Parvularcula,0.603568351727,154.306126261,6,-3.21927354065,0.228131498561
unclassified (derived from other sequences),0.522934508506,280.29213303,6,-3.28155269808,0.359032559959
Desulfotalea,0.521495417931,88.6928221638,6,-3.28274950311,0.11329600501
Reinekea,0.487223999906,76.1216279907,6,-3.31227132717,0.0908473714043
Syntrophomonas,0.389781352051,137.390577514,6,-3.40917894227,0.131175772964
Desulfonatronospira,0.297494347272,166.563574958,6,-3.52652128194,0.121376434804
unclassified (derived from Flavobacteriaceae),0.687277941281,543.591483812,6,-3.16286759489,0.915125536638
Heliobacterium,0.451545569144,212.721189463,6,-3.34529841494,0.23528159899
Desulfarculus,0.435591462247,179.442822473,6,-3.36092064116,0.191461331882
Crocosphaera,0.230401376326,265.696475935,6,-3.63751493094,0.149950006333
Kangiella,0.542306545121,68.3976568413,6,-3.26575515401,0.0908576908768
Oscillatoria,0.381870436546,200.508252458,6,-3.41808396232,0.187552956585
Desulfobulbus,0.472411944821,136.123936024,6,-3.32567912989,0.157518291824
Thermosynechococcus,0.425591829902,166.7260488,6,-3.3710067178,0.173809041847
Micrococcus,0.547889087469,171.970904355,6,-3.2613073495,0.230793328617
Tsukamurella,0.788549585829,271.03792628,6,-3.10317099203,0.523521713389
Prosthecochloris,0.420968777708,117.669471252,6,-3.3757501136,0.121335899362
Methylacidiphilum,0.439507222273,81.5878545261,6,-3.35703398392,0.0878349086857
Halothiobacillus,0.47390978229,72.1159817043,6,-3.32430432664,0.0837149107233
Rickettsia,0.560566218148,231.674535812,6,-3.25137307802,0.318112583482
Ahrensia,0.309619797754,145.415739272,6,-3.50917127738,0.110284826257
Lyngbya,0.334231101901,209.302445934,6,-3.47595313926,0.17135500324
Cellulophaga,0.965296965172,304.922418118,6,-3.0153390592,0.720984488356
Dictyoglomus,0.392340994844,160.515490013,6,-3.40633631103,0.154261042877
Edwardsiella,0.354030484981,115.29116945,6,-3.45095933998,0.0999798151955
Leptospirillum,0.409623246443,183.700506104,6,-3.38761540478,0.184319198491
Selenomonas,0.366137458543,167.733209468,6,-3.43635583734,0.150431520382
Halomonas,0.489498065687,120.948508329,6,-3.31024902003,0.145019739844
Lautropia,0.464485951704,68.5824418507,6,-3.33302741663,0.0780299183544
Brevibacillus,0.416396110743,162.220680925,6,-3.38049333558,0.165458281632
Tolumonas,0.448269418285,50.1850298396,6,-3.34846088844,0.0551047356677
Providencia,0.348720852225,126.082695474,6,-3.45752208263,0.107698344472
Rothia,0.357304516167,205.57700473,6,-3.44696149448,0.179923820689
Drosophila,0.611980150685,549.766431322,6,-3.21326266378,0.824121377457
Thermococcus,0.29151690137,213.33663626,6,-3.53533626094,0.152336792594
Neptuniibacter,0.41869144723,161.062243092,6,-3.37810591052,0.165182280562
Dermacoccus,0.456040350342,359.164123741,6,-3.34099672936,0.401210088681
unclassified (derived from Bacteroidetes),0.765077245622,267.455486927,6,-3.11629471432,0.501224651872
Brachybacterium,0.508346545243,191.925834446,6,-3.29384012359,0.238984062303
Oryza,0.331553547649,357.551149512,6,-3.47944632074,0.29038052297
Mobiluncus,0.345872616224,195.212799461,6,-3.46108382103,0.165386514156
Thermincola,0.364772000183,211.878459165,6,-3.43797850541,0.189314520478
unclassified (derived from Euryarchaeota),0.291355338778,161.255071534,6,-3.53557701951,0.115083215518
Populus,0.333925752645,270.05264577,6,-3.47635008649,0.220888942094
Nodularia,0.253800564493,214.906023,6,-3.5955074163,0.133603180281
Aquifex,0.355474615729,120.230522902,6,-3.44919140659,0.104688494541
Victivallis,0.292147806947,153.444347742,6,-3.53439736944,0.109806778689
Francisella,0.433223451,133.763519188,6,-3.36328804243,0.141946689683
Ammonifex,0.293810569963,227.465133379,6,-3.53193258433,0.163703466851
Mariprofundus,0.367980767131,123.840820746,6,-3.43417487955,0.111625795587
Aliivibrio,0.349094342367,159.259046981,6,-3.45705718957,0.136182890586
Kitasatospora,0.366958633439,151.236237356,6,-3.43538289019,0.135940417346
Kocuria,0.421258954425,191.779613242,6,-3.37545085451,0.197891531309
Dehalogenimonas,0.338001125023,159.815026413,6,-3.47108185419,0.132315700972
Riemerella,0.894272755024,277.613045649,6,-3.04853000029,0.608114691383
Acetobacter,0.376551941075,135.20623583,6,-3.42417510933,0.124708839539
Paludibacter,1.4471823933,326.480687582,6,-2.83947672983,1.15732781706
Renibacterium,0.479615015013,237.241656604,6,-3.31910722917,0.278714359255
Jonesia,0.468870780166,191.319967555,6,-3.32894683147,0.219729866712
Thiomicrospira,0.399989076144,78.5628355361,6,-3.39795186926,0.0769734417495
Oceanobacillus,0.244857741231,181.630852837,6,-3.61108616111,0.108937921854
Ferrimonas,0.322188451113,140.964792309,6,-3.49189003098,0.111249034365
Thermosinus,0.317155231882,193.278977341,6,-3.49872811996,0.150152346767
Exiguobacterium,0.304219299255,153.41771672,6,-3.51681323836,0.114324129125
Mus,0.355661154512,474.025387701,6,-3.44896356608,0.412965395314
Denitrovibrio,0.295150306776,127.250304898,6,-3.52995676104,0.0919978537697
Treponema,0.590151042947,287.874592128,6,-3.22903682103,0.416142565078
Desulfurispirillum,0.283142773302,83.2678642768,6,-3.54799451846,0.0577508701664
Desulfohalobium,0.265802149802,130.081039818,6,-3.57544151081,0.0846931165166
Xenorhabdus,0.209836923645,143.623677621,6,-3.67811808943,0.07382162125
Thermodesulfovibrio,0.356168911207,113.639956698,6,-3.44834399133,0.0991431454637
Arcobacter,0.617633653917,403.660694069,6,-3.20926904798,0.610693137593
Endoriftia,0.338826278202,301.591137738,6,-3.47002291465,0.250306015053
Oceanithermus,0.23315394039,213.301538516,6,-3.63235724041,0.121818254621
Bacteriovorax,0.398371850001,122.256081745,6,-3.39971135755,0.119298433322
Candidatus Puniceispirillum,0.268315239422,167.669699432,6,-3.57135466013,0.110198466467
Anoxybacillus,0.21546949554,163.992972872,6,-3.66661420511,0.0865539035002
Bermanella,0.310908405233,192.698387671,6,-3.50736753689,0.146752723284
Pyrococcus,0.221454579231,169.985408602,6,-3.65471533496,0.09220870734
Dethiobacter,0.271929706427,183.881635304,6,-3.56554334617,0.122481539479
Acidimicrobium,0.745546148916,452.065100897,6,-3.12752546878,0.825564743089
Segniliparus,0.37304798168,212.623985485,6,-3.42823530535,0.194290951107
Hydra,0.484936479232,362.781814673,6,-3.31431514496,0.430929265464
Methanocaldococcus,0.232898103753,236.175294979,6,-3.63283404746,0.134733640382
Aggregatibacter,0.199849331853,203.783016306,6,-3.69929729936,0.0997576734627
Methanosphaerula,0.303161033261,272.311086421,6,-3.5183266214,0.202215446473
Proteus,0.273727859906,104.154774525,6,-3.56268099803,0.0698351081822
Thermoanaerobacterium,0.234512965516,140.492153784,6,-3.62983314145,0.0807039058954
Methanospirillum,0.288483602334,313.775770295,6,-3.53987886749,0.221725765065
Sulfurihydrogenibium,0.25271036037,137.827444222,6,-3.59737695294,0.085316764116
Halothermothrix,0.288529771097,136.360177222,6,-3.5398093688,0.0963726527205
Dethiosulfovibrio,0.19252149864,125.606787099,6,-3.71552076631,0.0592335778413
Deferribacter,0.272075158568,153.939285482,6,-3.56531110905,0.102592114862
Methylophaga,0.245163919925,237.776073961,6,-3.61054344333,0.142790835181
Homo,0.282777602286,426.721877634,6,-3.54855499229,0.295573532625
unclassified (derived from Siphoviridae),0.329727995824,179.228615045,6,-3.48184417716,0.144756740968
Veillonella,0.260409315218,128.447693636,6,-3.58434348448,0.0819329234742
Nematostella,0.478692075382,223.525756341,6,-3.31994376209,0.262095422574
Methanothermobacter,0.212952190392,162.889683402,6,-3.67171788848,0.0849672017815
Ciona,0.196883834633,452.937230588,6,-3.70578994063,0.218435743368
Thermosediminibacter,0.267086097701,239.656856806,6,-3.57334871718,0.156789424884
Moritella,0.190236120122,125.129072787,6,-3.7207070201,0.0583078236395
unclassified (derived from Proteobacteria),0.286515381064,164.553277875,6,-3.54285205875,0.115486203413
Methanoregula,0.561718704239,587.383099402,6,-3.25048111465,0.808194623701
Syntrophothermus,0.237094444201,167.127750842,6,-3.62507862266,0.0970611809576
Candidatus Protochlamydia,0.308380460867,113.165292002,6,-3.51091314685,0.0854822070706
Pasteurella,0.269666800103,115.231998555,6,-3.56917251821,0.0761160427264
Sulfurimonas,0.257696566221,170.186823732,6,-3.58889136834,0.107426194099
Aspergillus,0.349214824713,396.857017206,6,-3.4569073281,0.339470750857
Thermosipho,0.258179981197,188.666039397,6,-3.58807743516,0.119314142011
Wolbachia,0.196348456403,180.219154828,6,-3.70697250859,0.0866770386829
Candidatus Pelagibacter,0.269562085903,109.330878252,6,-3.56934119167,0.0721900379836
Lysinibacillus,0.173975311594,177.494726838,6,-3.759512377,0.0756395094095
Acetivibrio,0.227568681791,125.073909727,6,-3.64288750617,0.0697195932672
Archaeoglobus,0.185431306785,170.94814759,6,-3.73181694109,0.077646714366
Fervidobacterium,0.238607052995,144.100258129,6,-3.62231672315,0.0842216335774
Faecalibacterium,0.34418089623,427.980425542,6,-3.46321323887,0.3608164195
Halanaerobium,0.199489045653,160.992074132,6,-3.70008094731,0.0786681928045
Cylindrospermopsis,0.143616872754,181.83201177,6,-3.84279453423,0.0639663300668
Brachyspira,0.261076966154,190.736234967,6,-3.58323144267,0.121976842828
unclassified (derived from Clostridiales),0.242417717246,150.283167199,6,-3.61543564267,0.0892381013808
Dietzia,0.300507448043,215.154792419,6,-3.52214475959,0.158373272135
Hydrogenivirga,0.161203819413,176.652883467,6,-3.79262467264,0.0697544121813
Fibrobacter,0.279814025664,156.862632882,6,-3.55313052031,0.107513897322
Dichelobacter,0.209646476215,80.4433227231,6,-3.67851243292,0.0413098095886
Caenorhabditis,0.283227611936,297.605315249,6,-3.54786440943,0.206467595105
Methanococcus,0.196163110279,208.33676088,6,-3.70738266112,0.100105714964
Wolinella,0.191967443308,115.032716208,6,-3.71677241916,0.054090946473
Sulfolobus,0.160161504251,328.395081975,6,-3.79544186091,0.128833975662
Eggerthella,0.218063252647,117.847850774,6,-3.66141751423,0.0629476871244
Micromonas,0.148216494468,253.346296227,6,-3.82910346263,0.091978584578
Branchiostoma,0.22053739889,381.521664642,6,-3.65651775198,0.206099566135
Danio,0.197053178621,343.709139234,6,-3.70541655523,0.165901437897
Candidatus Amoebophilus,0.463816873765,277.921381584,6,-3.33365345568,0.315750560063
Nitratiruptor,0.103899552216,330.392123537,6,-3.98338632415,0.0840850886406
Aeromicrobium,0.615509644926,395.511753211,6,-3.21076513736,0.596306964339
Haloarcula,0.130479867035,257.890000064,6,-3.88445649453,0.0824239897728
Sulfurovum,0.211276784734,213.047920791,6,-3.67514822096,0.110256627524
Acetohalobium,0.163991466338,168.141636907,6,-3.78517875085,0.0675417245655
unclassified (derived from Erysipelotrichaceae),0.35982300017,261.049085466,6,-3.44391107966,0.230084160346
Anaerobaculum,0.181821236498,177.230095873,6,-3.74035539309,0.0789328355536
Kosmotoga,0.137481173266,150.901282602,6,-3.86175677024,0.0508173233401
Borrelia,0.190951954752,232.678100563,6,-3.71907589145,0.108831657519
Hydrogenobacter,0.150926601485,186.271135187,6,-3.82123420714,0.0688631650032
Methanoculleus,0.341515572641,392.649102644,6,-3.4665894883,0.328466245344
Cardiobacterium,0.183656079689,37.7210240693,6,-3.73599469034,0.0169693188294
Anopheles,0.304505709978,604.766924192,6,-3.51640455923,0.451085738567
Dictyostelium,0.36941230691,315.976463336,6,-3.43248864021,0.285918145836
Mycoplasma,0.32223199587,366.708344632,6,-3.49183133872,0.289444351766
Rattus,0.230200414957,512.69240575,6,-3.63789389785,0.289093689565
Plasmodium,0.211837366936,535.055760011,6,-3.67399743033,0.27763693324
Vitis,0.180948560256,620.71698968,6,-3.74244486807,0.275121410751
Paramecium,0.197691822968,491.45881103,6,-3.70401129383,0.237986025994
Tetrahymena,0.194844239317,499.234829301,6,-3.71031242985,0.238269290596
Monodelphis,0.15048313732,669.042293496,6,-3.82251216306,0.246613606662
Leishmania,0.161490693667,585.591221308,6,-3.79185249999,0.231642200944
Tetraodon,0.219954765781,375.016565583,6,-3.65766662368,0.202050278651
Neosartorya,0.137556938594,695.620658902,6,-3.86151749821,0.23438542303
Apis,0.148274181065,621.861942353,6,-3.82893446595,0.22585782327
Volvox,0.211514089563,378.635477808,6,-3.67466069772,0.196171644158
Sorghum,0.166244716081,506.415171841,6,-3.77925214941,0.206219715865
Chlamydomonas,0.178023494793,376.345902631,6,-3.74952267755,0.164111925028
Gibberella,0.179372335339,359.055250376,6,-3.74624453752,0.157758355099
Lactococcus,0.223585457614,270.181931133,6,-3.65055644713,0.147970615242
Canis,0.118303253616,614.121800628,6,-3.9270033111,0.177961815953
Weeksella,0.404778395144,284.618788932,6,-3.39278267581,0.282199679222
Bos,0.184732895899,329.547230589,6,-3.73345576165,0.149120561345
Trichomonas,0.109712379529,621.847871276,6,-3.95974436552,0.167114991676
Ostreococcus,0.157071934683,367.745001878,6,-3.80390140695,0.141488452651
Enhydrobacter,0.233062568156,282.889384569,6,-3.63252747229,0.161497128125
Aedes,0.153754839004,367.680664753,6,-3.81317120713,0.138476223255
Penicillium,0.117053005585,535.783993044,6,-3.93161743039,0.153620059643
Trypanosoma,0.142056187241,405.630689841,6,-3.84753984588,0.141145353386
Filobasidiella,0.12657364675,478.837924704,6,-3.89765670713,0.148459316911
Oryzias,0.112390760671,557.019680389,6,-3.94926938943,0.153347526615
Naegleria,0.154273860639,360.252606604,6,-3.8117076523,0.136136664192
Strongylocentrotus,0.133907983858,428.378058679,6,-3.87319352872,0.1405106733
Toxoplasma,0.0953131199292,657.355759772,6,-4.02084731425,0.153471869523
Candida,0.103794347458,587.54184538,6,-3.98382629711,0.14937851271
Ajellomyces,0.100394816079,616.957522929,6,-3.99828871156,0.151719770762
Monosiga,0.151976645289,345.855025156,6,-3.81822314627,0.128749801793
Saccharomyces,0.140269313639,378.971364154,6,-3.85303732808,0.130210105909
Aureococcus,0.127854500779,442.157036609,6,-3.89328397918,0.138473983853
Selaginella,0.133055457891,412.200084582,6,-3.87596730613,0.134343418645
Blattabacterium,0.207243586091,311.056561922,6,-3.6835189014,0.157905076091
Ailuropoda,0.0938156994171,571.893912683,6,-4.02772447932,0.131421560516
Anaerococcus,0.162209271198,254.490938318,6,-3.78992432697,0.101116870776
Neurospora,0.124544524918,372.836342313,6,-3.90467535966,0.113741382904
Gallus,0.121450501313,374.096106848,6,-3.91560068821,0.111290508196
Pyrobaculum,0.142566395247,316.509194142,6,-3.84598283128,0.110529733806
Macaca,0.094198747384,518.912671826,6,-4.02595487224,0.119733321191
Magnaporthe,0.0965079443266,497.089262088,6,-4.015436935,0.117509525334
Schizosaccharomyces,0.147299362291,260.046302476,6,-3.83179913336,0.0938268583495
Roseburia,0.267724881038,348.936302733,6,-3.57231126574,0.228828711157
Coccidioides,0.0826435679401,587.442480123,6,-4.08279094145,0.118918667024
Pyrenophora,0.0846181219116,569.406837729,6,-4.07253661801,0.118021650887
Chlamydophila,0.11502082946,384.222427619,6,-3.93922350486,0.108251726594
Leuconostoc,0.144974571412,268.269840631,6,-3.83870816648,0.0952663025826
Butyrivibrio,0.218351419465,275.061526881,6,-3.66084398046,0.147116537258
Leptotrichia,0.183798437948,215.435289225,6,-3.73565818388,0.0969916361276
Collinsella,0.270670575357,249.34388894,6,-3.56755895389,0.165316194722
Ustilago,0.107068034106,400.692162466,6,-3.97034017141,0.105086348477
Arthroderma,0.0876501637307,526.848072426,6,-4.05724726831,0.113113320712
Sebaldella,0.179294255679,183.819625445,6,-3.74643362436,0.0807298002054
Capsaspora,0.111299651344,359.443213018,6,-3.95350619613,0.0979940522014
Phaeosphaeria,0.0811207321642,553.298751321,6,-4.09086813822,0.109942897156
Thalassiosira,0.114703236948,337.737062108,6,-3.94042432605,0.0948920918125
Ixodes,0.0928824342227,457.202354765,6,-4.03206641132,0.104020197108
Metarhizium,0.0812800142964,550.521131557,6,-4.09001622867,0.10960576318
Laccaria,0.0840602420934,518.141232617,6,-4.07540936356,0.106687715466
unclassified (derived from Acidobacteria),0.119378862324,582.146833024,6,-3.92307256424,0.170229804399
Natranaerobius,0.230795804974,212.465109383,6,-3.63677208933,0.120113316074
Candidatus Desulforudis,0.167871845882,361.08190329,6,-3.77502213414,0.14847701028
Thermanaerovibrio,0.208801666521,139.945550312,6,-3.6802660394,0.0715762069552
Candidatus Cloacamonas,0.241306597417,277.35376544,6,-3.61743080415,0.163937718742
unclassified (derived from Archaea),0.153688280809,232.378839684,6,-3.81335924749,0.0874808424227
Blautia,0.44607375781,442.78380066,6,-3.35059332523,0.483809089888
Calditerrivibrio,0.177352227377,142.030181998,6,-3.75116335283,0.0617011013164
Thermovibrio,0.126331424643,218.871447602,6,-3.89848860628,0.067729228597
Persephonella,0.163381334346,171.322482217,6,-3.78679756135,0.0685634120263
Methanosaeta,0.289851987482,428.545382493,6,-3.53782371738,0.3042627091
Aminomonas,0.135512157179,151.203360998,6,-3.86802174126,0.0501897842566
Petrotoga,0.163458243116,149.632861171,6,-3.78659317328,0.0599113950279
Parachlamydia,0.112350684707,328.593581409,6,-3.94942427648,0.0904295614313
Methanocella,0.266244506577,490.413606321,6,-3.57471934426,0.319829700903
unclassified (derived from Myoviridae),0.0968026656322,280.985106081,6,-4.01411268346,0.0666263837644
unclassified (derived from Chloroflexi),0.0688031159494,383.21221061,6,-4.16239189303,0.0645837221508
Physcomitrella,0.0992967795178,287.502888639,6,-4.0030648367,0.0699283049329
Acidaminococcus,0.162450316179,142.770402199,6,-3.78927943905,0.0568112531516
Bilophila,0.126519711708,150.056513391,6,-3.89784180635,0.0465038244068
Waddlia,0.190669956032,118.159223208,6,-3.71971773358,0.055185568244
Aminobacterium,0.138865835225,136.281769654,6,-3.85740458938,0.0463563037764
Coprothermobacter,0.122373855135,173.46002001,6,-3.9123113582,0.0519952486178
Nitrospira,1.98600361998,693.872969618,6,-2.70201996423,3.37548071029
Arcanobacterium,0.168611950073,217.11933764,6,-3.77311164877,0.0896731615862
Tropheryma,0.130024235922,211.116958372,6,-3.88597568964,0.067239280222
unclassified (derived from Burkholderiales),0.180053896234,83.5326654429,6,-3.74459747638,0.0368412611323
Sordaria,0.101029533296,284.147164223,6,-3.99555165322,0.0703181276187
Sodalis,0.174892123321,78.5033383216,6,-3.75722974956,0.0336305524054
Zea,0.118186859073,304.004569289,6,-3.92743080898,0.0880085625028
Chlamydia,0.154648632699,139.556601399,6,-3.81065391539,0.0528654696041
Eikenella,0.134800171233,71.2680012359,6,-3.87030955613,0.0235320979768
Ehrlichia,0.109162689967,236.183200915,6,-3.96192577107,0.0631537085128
Anaplasma,0.125053957496,207.931412034,6,-3.9029025599,0.0636932145703
Basfia,0.157896703844,123.362823053,6,-3.80162693597,0.0477125895979
Buchnera,0.126868463248,208.965898386,6,-3.89664632069,0.0649388693565
Cyanobium,0.130584281166,99.1793469483,6,-3.88410909729,0.0317239876572
unclassified (derived from Betaproteobacteria),0.0919438643484,197.030320619,6,-4.03647724705,0.0443742925437
Taylorella,0.100703670099,93.0636453264,6,-3.99695470149,0.0229562520067
Moraxella,0.15846594574,196.028077798,6,-3.80006405311,0.0760903975973
Microbacterium,0.0504112873492,268.194561598,6,-4.29747221188,0.0331171824255
Sutterella,0.113387235759,73.2457470048,6,-3.94543583214,0.0203433375668
Histophilus,0.145006726609,145.223837479,6,-3.83861185113,0.0515824163636
Simonsiella,0.117925615846,118.934372236,6,-3.92839184705,0.0343550957073
Alcaligenes,0.0469114684638,263.113982497,6,-4.32872097217,0.030234206929
Rahnella,0.114834000872,94.635561361,6,-3.93992950388,0.0266195361738
unclassified (derived from Vibrionaceae),0.145910654094,73.0237578181,6,-3.83591299567,0.0260991766935
Atopobium,0.154539087823,158.018816004,6,-3.81096165553,0.0598167445023
Kingella,0.139027335939,87.1645748229,6,-3.85689979917,0.0296835502045
Methanococcoides,0.165441559761,132.289865989,6,-3.7813553841,0.053610124723
Slackia,0.176692813254,156.311525193,6,-3.75278111449,0.0676527588125
Holdemania,0.237463431751,355.747955426,6,-3.62440326019,0.206925864252
Methanoplanus,0.135329101239,402.657851075,6,-3.86860880245,0.133475941885
Erysipelothrix,0.0656122446124,408.283936361,6,-4.18301510466,0.065617973497
Ethanoligenens,0.153870200761,126.544617867,6,-3.81284547957,0.0476951066572
Methanocorpusculum,0.0833384273506,278.856958764,6,-4.07915469922,0.0569249178551
Cellulosilyticum,0.127462166717,167.073495473,6,-3.89461870327,0.0521632306402
Anaerotruncus,0.136512994862,135.712063842,6,-3.86482600556,0.0453803744113
Coprococcus,0.244949987281,351.406188188,6,-3.61092257876,0.210844584871
Daphnia,0.0633193899455,351.163458598,6,-4.19846327803,0.0544655213236
Ilyobacter,0.132263658872,171.517219465,6,-3.87855946737,0.0555678873269
Catenibacterium,0.109565290708,229.518274583,6,-3.96032700462,0.0615978978109
Dorea,0.19269005348,423.068786916,6,-3.71514070273,0.199685213829
unclassified (derived from Lachnospiraceae),0.192086146042,296.702730738,6,-3.71650395692,0.139602505139
Methanobrevibacter,0.158316746409,362.383485129,6,-3.80047314396,0.140530592921
Subdoligranulum,0.140956395914,357.963770661,6,-3.85091521318,0.123594597108
Dialister,0.122358917644,193.690683427,6,-3.91236437333,0.0580523738505
Elusimicrobium,0.150480870322,127.633829328,6,-3.82251870566,0.0470460015838
Sulfurospirillum,0.131436016822,142.49525494,6,-3.8812856107,0.0458765147652
